"term","hour","time","coef","lb","ub"
"Intercept",0,"00:00",-1.11730933314213,-60.1119911249045,57.8773724586202
"Intercept",0.0833333333333333,"00:05",-1.11730933314213,-60.1119911249045,57.8773724586202
"Intercept",0.166666666666667,"00:10",-1.11730933314213,-60.1119911249045,57.8773724586202
"Intercept",0.25,"00:15",-1.11730933314213,-60.1119911249045,57.8773724586202
"Intercept",0.333333333333333,"00:20",-1.11730933314213,-60.1119911249045,57.8773724586202
"Intercept",0.416666666666667,"00:25",-1.11730933314213,-60.1119911249045,57.8773724586202
"Intercept",0.5,"00:30",-1.11730933314213,-60.1119911249045,57.8773724586202
"Intercept",0.583333333333333,"00:35",-1.11671430938133,-60.1106096405561,57.8771810217935
"Intercept",0.666666666666667,"00:40",-1.11611928562052,-60.1092281562078,57.8769895849667
"Intercept",0.75,"00:45",-1.11544043273709,-60.1077704402711,57.8768895747969
"Intercept",0.833333333333333,"00:50",-1.11445021454102,-60.1060295784351,57.877129149353
"Intercept",0.916666666666667,"00:55",-1.11345999634495,-60.104288716599,57.8773687239091
"Intercept",1,"01:00",-1.11223067448248,-60.1023378077223,57.8778764587573
"Intercept",1.08333333333333,"01:05",-1.11067685478705,-60.1001018350045,57.8787481254304
"Intercept",1.16666666666667,"01:10",-1.10912303509162,-60.0978658622868,57.8796197921036
"Intercept",1.25,"01:15",-1.1071033917649,-60.0952115390515,57.8810047555217
"Intercept",1.33333333333333,"01:20",-1.10481756350601,-60.0923181583775,57.8826830313655
"Intercept",1.41666666666667,"01:25",-1.10253173524712,-60.0894247777035,57.8843613072093
"Intercept",1.5,"01:30",-1.09948191797092,-60.0858084911068,57.886844655165
"Intercept",1.58333333333333,"01:35",-1.09629567408448,-60.0820631141668,57.8894717659978
"Intercept",1.66666666666667,"01:40",-1.09304469562547,-60.078253150534,57.892163759283
"Intercept",1.75,"01:45",-1.08879033129161,-60.0734420931627,57.8958614305795
"Intercept",1.83333333333333,"01:50",-1.08453596695774,-60.0686310357915,57.899559101876
"Intercept",1.91666666666667,"01:55",-1.07996484732577,-60.0634988106284,57.9035691159768
"Intercept",2,"02:00",-1.07454904689885,-60.0575101380204,57.9084120442227
"Intercept",2.08333333333333,"02:05",-1.06913324647193,-60.0515214654124,57.9132549724685
"Intercept",2.16666666666667,"02:10",-1.06317652710458,-60.0450016270459,57.9186485728367
"Intercept",2.25,"02:15",-1.05664508136304,-60.0379174250609,57.9246272623349
"Intercept",2.33333333333333,"02:20",-1.05011363562149,-60.030833223076,57.930605951833
"Intercept",2.41666666666667,"02:25",-1.04284716794826,-60.0230504595941,57.9373561236976
"Intercept",2.5,"02:30",-1.03526112552213,-60.0149639737223,57.944441722678
"Intercept",2.58333333333333,"02:35",-1.027675083096,-60.0068774878504,57.9515273216584
"Intercept",2.66666666666667,"02:40",-1.01918581516573,-59.9979384356127,57.9595668052812
"Intercept",2.75,"02:45",-1.01060622468505,-59.9889141267384,57.9677016773683
"Intercept",2.83333333333333,"02:50",-1.0019136039711,-59.9797801323005,57.9759529243583
"Intercept",2.91666666666667,"02:55",-0.992401514065916,-59.9698509175264,57.9850478893945
"Intercept",3,"03:00",-0.982889424160729,-59.9599217027523,57.9941428544308
"Intercept",3.08333333333333,"03:05",-0.973087019820446,-59.9496968336578,58.0035227940169
"Intercept",3.16666666666667,"03:10",-0.962703986609971,-59.9388806559226,58.0134726827026
"Intercept",3.25,"03:15",-0.952320953399496,-59.9280644781874,58.0234225713884
"Intercept",3.33333333333333,"03:20",-0.941505577528652,-59.9168040309263,58.033792875869
"Intercept",3.41666666666667,"03:25",-0.930329916107499,-59.9051733590605,58.0445135268455
"Intercept",3.5,"03:30",-0.919154254686346,-59.8935426871946,58.0552341778219
"Intercept",3.58333333333333,"03:35",-0.907452744839134,-59.8814001594983,58.06649466982
"Intercept",3.66666666666667,"03:40",-0.895582963495581,-59.8690938379362,58.077927910945
"Intercept",3.75,"03:45",-0.883713182152029,-59.8567875163741,58.0893611520701
"Intercept",3.83333333333333,"03:50",-0.871267003416234,-59.8439512048956,58.1014171980631
"Intercept",3.91666666666667,"03:55",-0.858802812261931,-59.8310983312322,58.1134927067083
"Intercept",4,"04:00",-0.846248675707791,-59.8181639900536,58.125666638638
"Intercept",4.08333333333333,"04:05",-0.833289784854386,-59.8048630450569,58.1382834753481
"Intercept",4.16666666666667,"04:10",-0.820330894000981,-59.7915621000602,58.1509003120582
"Intercept",4.25,"04:15",-0.807216401188881,-59.778111447973,58.1636786455952
"Intercept",4.33333333333333,"04:20",-0.793862520748022,-59.7644304772849,58.1767054357888
"Intercept",4.41666666666667,"04:25",-0.780508640307163,-59.7507495065968,58.1897322259824
"Intercept",4.5,"04:30",-0.766978801440785,-59.7368762793629,58.2029186764814
"Intercept",4.58333333333333,"04:35",-0.75333458959782,-59.7228780853743,58.2162089061787
"Intercept",4.66666666666667,"04:40",-0.739690377754854,-59.7088798913857,58.229499135876
"Intercept",4.75,"04:45",-0.725956422477268,-59.6947743507343,58.2428615057798
"Intercept",4.83333333333333,"04:50",-0.712202524214211,-59.6806449552689,58.2562399068404
"Intercept",4.91666666666667,"04:55",-0.69845257947967,-59.666520119633,58.2696149606737
"Intercept",5,"05:00",-0.684829147657643,-59.6525411985433,58.282882903228
"Intercept",5.08333333333333,"05:05",-0.671205715835616,-59.6385622774537,58.2961508457824
"Intercept",5.16666666666667,"05:10",-0.657672516675852,-59.6246845567864,58.3093395234347
"Intercept",5.25,"05:15",-0.644421294585658,-59.6111230874391,58.3222804982677
"Intercept",5.33333333333333,"05:20",-0.631170072495465,-59.5975616180918,58.3352214731008
"Intercept",5.41666666666667,"05:25",-0.618197919961017,-59.5842967926722,58.3479009527502
"Intercept",5.5,"05:30",-0.605560650893462,-59.5713879399661,58.3602666381792
"Intercept",5.58333333333333,"05:35",-0.592923381825907,-59.5584790872599,58.3726323236081
"Intercept",5.66666666666667,"05:40",-0.580856576967314,-59.5461429957945,58.3844298418599
"Intercept",5.75,"05:45",-0.569075004213202,-59.5340932849496,58.3959432765232
"Intercept",5.83333333333333,"05:50",-0.557293431459089,-59.5220435741046,58.4074567111864
"Intercept",5.91666666666667,"05:55",-0.546446546314095,-59.5108977760401,58.4180046834119
"Intercept",6,"06:00",-0.535728583597945,-59.4998766556006,58.4284194884047
"Intercept",6.08333333333333,"06:05",-0.525100174451136,-59.4889434271108,58.4387430782085
"Intercept",6.16666666666667,"06:10",-0.515367300997738,-59.4788891181187,58.4481545161233
"Intercept",6.25,"06:15",-0.505634427544339,-59.4688348091267,58.457565954038
"Intercept",6.33333333333333,"06:20",-0.496132588069331,-59.4590187711562,58.4667535950175
"Intercept",6.41666666666667,"06:25",-0.48716212674462,-59.449750756535,58.4754265030457
"Intercept",6.5,"06:30",-0.478191665419909,-59.4404827419138,58.484099411074
"Intercept",6.58333333333333,"06:35",-0.46949868500455,-59.4315156439741,58.492518273965
"Intercept",6.66666666666667,"06:40",-0.461066863092111,-59.4228317617347,58.5006980355505
"Intercept",6.75,"06:45",-0.452635041179672,-59.4141478794953,58.508877797136
"Intercept",6.83333333333333,"06:50",-0.444432213227854,-59.4057180981475,58.5168536716918
"Intercept",6.91666666666667,"06:55",-0.436315258011269,-59.3973836046339,58.5247530886114
"Intercept",7,"07:00",-0.428198302794684,-59.3890491111203,58.532652505531
"Intercept",7.08333333333333,"07:05",-0.420166920710298,-59.3807974976784,58.5404636562578
"Intercept",7.16666666666667,"07:10",-0.412141059473151,-59.3725512313378,58.5482691123915
"Intercept",7.25,"07:15",-0.404099235804759,-59.36428365467,58.5560851830605
"Intercept",7.33333333333333,"07:20",-0.395968022521395,-59.3558967401696,58.5639606951268
"Intercept",7.41666666666667,"07:25",-0.38783680923803,-59.3475098256692,58.5718362071932
"Intercept",7.5,"07:30",-0.37964594970133,-59.3390598681821,58.5797679687795
"Intercept",7.58333333333333,"07:35",-0.37135070922129,-59.3304995854683,58.5877981670257
"Intercept",7.66666666666667,"07:40",-0.363055468741251,-59.3219393027544,58.5958283652719
"Intercept",7.75,"07:45",-0.354656947493207,-59.3132934369515,58.603979541965
"Intercept",7.83333333333333,"07:50",-0.346182324626635,-59.304584509925,58.6122198606718
"Intercept",7.91666666666667,"07:55",-0.337707701760062,-59.2958755828986,58.6204601793785
"Intercept",8,"08:00",-0.329079661725983,-59.2870502188446,58.6288908953927
"Intercept",8.08333333333333,"08:05",-0.320410317069884,-59.2781935063602,58.6373728722204
"Intercept",8.16666666666667,"08:10",-0.311740972413784,-59.2693367938758,58.6458548490482
"Intercept",8.25,"08:15",-0.302861566565164,-59.2603003278293,58.654577194699
"Intercept",8.33333333333333,"08:20",-0.293982160716544,-59.2512638617828,58.6632995403497
"Intercept",8.41666666666667,"08:25",-0.285054944772429,-59.2421774594727,58.6720675699278
"Intercept",8.5,"08:30",-0.275950148473613,-59.2329055796121,58.6810052826649
"Intercept",8.58333333333333,"08:35",-0.266845352174798,-59.2236336997515,58.6899429954019
"Intercept",8.66666666666667,"08:40",-0.257646564426475,-59.2142527997664,58.6989596709134
"Intercept",8.75,"08:45",-0.248320216853821,-59.2047239438979,58.7080835101903
"Intercept",8.83333333333333,"08:50",-0.238993869281167,-59.1951950880295,58.7172073494671
"Intercept",8.91666666666667,"08:55",-0.229566527720771,-59.1855638478342,58.7264307923926
"Intercept",9,"09:00",-0.220081475310237,-59.1758741023092,58.7357111516888
"Intercept",9.08333333333333,"09:05",-0.210596422899702,-59.1661843567843,58.7449915109849
"Intercept",9.16666666666667,"09:10",-0.20103963896747,-59.1564529997973,58.7543737218624
"Intercept",9.25,"09:15",-0.191470045834934,-59.1467142121921,58.7637741205222
"Intercept",9.33333333333333,"09:20",-0.181899823817178,-59.1369776214575,58.7731779738231
"Intercept",9.41666666666667,"09:25",-0.172319854078519,-59.1272750822162,58.7826353740591
"Intercept",9.5,"09:30",-0.162739884339861,-59.1175725429749,58.7920927742952
"Intercept",9.58333333333333,"09:35",-0.153177311194772,-59.1078942829342,58.8015396605447
"Intercept",9.66666666666667,"09:40",-0.14366112896587,-59.0982807674285,58.8109585094967
"Intercept",9.75,"09:45",-0.134144946736967,-59.0886672519227,58.8203773584488
"Intercept",9.83333333333333,"09:50",-0.124695508856792,-59.0791125179542,58.8297215002406
"Intercept",9.91666666666667,"09:55",-0.115316986847138,-59.069620239369,58.8389862656747
"Intercept",10,"10:00",-0.105938464837485,-59.0601279607837,58.8482510311087
"Intercept",10.0833333333333,"10:05",-0.0966834602312663,-59.050736634616,58.8573697141534
"Intercept",10.1666666666667,"10:10",-0.0874821588439322,-59.0413892008037,58.8664248831158
"Intercept",10.25,"10:15",-0.0782808574565981,-59.0320417669913,58.8754800520782
"Intercept",10.3333333333333,"10:20",-0.0692165062927598,-59.0228363038868,58.8844032913013
"Intercept",10.4166666666667,"10:25",-0.0601658501512708,-59.013645037853,58.8933133375504
"Intercept",10.5,"10:30",-0.0511293202081243,-59.0044726877904,58.9022140473742
"Intercept",10.5833333333333,"10:35",-0.0421952052029609,-58.9954374785194,58.9110470681135
"Intercept",10.6666666666667,"10:40",-0.0332610901977972,-58.9864022692484,58.9198800888528
"Intercept",10.75,"10:45",-0.0243544542015688,-58.9774094363902,58.9287005279871
"Intercept",10.8333333333333,"10:50",-0.0155027762232111,-58.9685013563577,58.9374958039113
"Intercept",10.9166666666667,"10:55",-0.00665109824485317,-58.9595932763252,58.9462910798355
"Intercept",11,"11:00",0.00217421632407603,-58.9507214279857,58.9550698606339
"Intercept",11.0833333333333,"11:05",0.0109775613851478,-58.9418797727239,58.9638348954942
"Intercept",11.1666666666667,"11:10",0.0197809064462197,-58.933038117462,58.9725999303545
"Intercept",11.25,"11:15",0.0285741127832428,-58.9241880571905,58.981336282757
"Intercept",11.3333333333333,"11:20",0.0373640747285702,-58.915335307316,58.9900634567731
"Intercept",11.4166666666667,"11:25",0.0461540366738977,-58.9064825574414,58.9987906307892
"Intercept",11.5,"11:30",0.0549937129457891,-58.8975510189121,59.0075384448037
"Intercept",11.5833333333333,"11:35",0.0638349427903854,-58.8886170182373,59.0162869038181
"Intercept",11.6666666666667,"11:40",0.0727039470650429,-58.8796573162171,59.0250652103472
"Intercept",11.75,"11:45",0.0816979362749748,-58.8705819581424,59.0339778306923
"Intercept",11.8333333333333,"11:50",0.0906919254849066,-58.8615066000676,59.0428904510375
"Intercept",11.9166666666667,"11:55",0.0997869779444072,-58.8523467974222,59.051920753311
"Intercept",12,"12:00",0.109037512326321,-58.8430570800527,59.0611321047053
"Intercept",12.0833333333333,"12:05",0.118288046708235,-58.8337673626831,59.0703434560996
"Intercept",12.1666666666667,"12:10",0.127756963501439,-58.8242849514201,59.0797988784229
"Intercept",12.25,"12:15",0.137367828861982,-58.8146772891262,59.0894129468502
"Intercept",12.3333333333333,"12:20",0.146978694222524,-58.8050696268324,59.0990270152774
"Intercept",12.4166666666667,"12:25",0.156969291498292,-58.7950920526141,59.1090306356107
"Intercept",12.5,"12:30",0.16704427364411,-58.785032275746,59.1191208230343
"Intercept",12.5833333333333,"12:35",0.1771361566287,-58.7749547189971,59.1292270322545
"Intercept",12.6666666666667,"12:40",0.187768866454017,-58.7643082060608,59.1398459389688
"Intercept",12.75,"12:45",0.198401576279333,-58.7536616931245,59.1504648456832
"Intercept",12.8333333333333,"12:50",0.209152579197972,-58.7428911819831,59.161196340379
"Intercept",12.9166666666667,"12:55",0.220273248033244,-58.7317331764508,59.1722796725172
"Intercept",13,"13:00",0.231393916868516,-58.7205751709184,59.1833630046555
"Intercept",13.0833333333333,"13:05",0.24264480014773,-58.7092954418906,59.194585042186
"Intercept",13.1666666666667,"13:10",0.254051940759673,-58.6978696446682,59.2059735261875
"Intercept",13.25,"13:15",0.265459081371617,-58.6864438474457,59.217362010189
"Intercept",13.3333333333333,"13:20",0.276920378036336,-58.6749938378179,59.2288345938905
"Intercept",13.4166666666667,"13:25",0.288408752727443,-58.6635317219873,59.2403492274421
"Intercept",13.5,"13:30",0.299897127418551,-58.6520696061567,59.2518638609938
"Intercept",13.5833333333333,"13:35",0.311276529232931,-58.6407510640937,59.2633041225596
"Intercept",13.6666666666667,"13:40",0.322640900305695,-58.6294523253091,59.2747341259205
"Intercept",13.75,"13:45",0.333975340349745,-58.6181839733646,59.2861346540641
"Intercept",13.8333333333333,"13:50",0.345010470106658,-58.6072194898205,59.2972404300338
"Intercept",13.9166666666667,"13:55",0.356045599863571,-58.5962550062764,59.3083462060035
"Intercept",14,"14:00",0.366923818947067,-58.585437377478,59.3192850153722
"Intercept",14.0833333333333,"14:05",0.377441143481704,-58.5749575145948,59.3298398015582
"Intercept",14.1666666666667,"14:10",0.38795846801634,-58.5644776517116,59.3403945877443
"Intercept",14.25,"14:15",0.398187359710423,-58.5542774935685,59.3506522129893
"Intercept",14.3333333333333,"14:20",0.408144785201632,-58.5443405869454,59.3606301573487
"Intercept",14.4166666666667,"14:25",0.418102210692841,-58.5344036803224,59.3706081017081
"Intercept",14.5,"14:30",0.427677089400106,-58.5248677293871,59.3802219081874
"Intercept",14.5833333333333,"14:35",0.437108513063391,-58.5154821368348,59.3896991629616
"Intercept",14.6666666666667,"14:40",0.446539936726677,-58.5060965442825,59.3991764177358
"Intercept",14.75,"14:45",0.455509686560013,-58.4972170577315,59.4082364308515
"Intercept",14.8333333333333,"14:50",0.464449650984966,-58.4883702231806,59.4172695251505
"Intercept",14.9166666666667,"14:55",0.473320385614654,-58.4795981894736,59.4262389607029
"Intercept",15,"15:00",0.481803433390863,-58.4712450404923,59.434851907274
"Intercept",15.0833333333333,"15:05",0.490286481167072,-58.462891891511,59.4434648538451
"Intercept",15.1666666666667,"15:10",0.498615938376315,-58.4546922168712,59.4519240936239
"Intercept",15.25,"15:15",0.50667661209337,-58.4467611223291,59.4601143465158
"Intercept",15.3333333333333,"15:20",0.514737285810425,-58.4388300277869,59.4683045994078
"Intercept",15.4166666666667,"15:25",0.522573517571768,-58.4311043304238,59.4762513655673
"Intercept",15.5,"15:30",0.530244371049954,-58.4235299783504,59.4840187204503
"Intercept",15.5833333333333,"15:35",0.537915224528141,-58.415955626277,59.4917860753333
"Intercept",15.6666666666667,"15:40",0.545296425941643,-58.4086647965213,59.4992576484045
"Intercept",15.75,"15:45",0.552599644106961,-58.4014502996972,59.5066495879112
"Intercept",15.8333333333333,"15:50",0.559902862272279,-58.3942358028732,59.5140415274178
"Intercept",15.9166666666667,"15:55",0.566857261728468,-58.3874023821401,59.521116905597
"Intercept",16,"16:00",0.573811661184657,-58.380568961407,59.5281922837763
"Intercept",16.0833333333333,"16:05",0.580696059816088,-58.3738158487651,59.5352079683973
"Intercept",16.1666666666667,"16:10",0.587320455384128,-58.3673610233194,59.5420019340876
"Intercept",16.25,"16:15",0.593944850952169,-58.3609061978737,59.548795899778
"Intercept",16.3333333333333,"16:20",0.600437226915956,-58.3545970086967,59.5554714625286
"Intercept",16.4166666666667,"16:25",0.606750433416828,-58.3484854687417,59.5619863355754
"Intercept",16.5,"16:30",0.6130636399177,-58.3423739287867,59.5685012086221
"Intercept",16.5833333333333,"16:35",0.619190791435603,-58.3364431739689,59.5748247568401
"Intercept",16.6666666666667,"16:40",0.625211625820382,-58.3306157249438,59.5810389765846
"Intercept",16.75,"16:45",0.631232460205162,-58.3247882759187,59.587253196329
"Intercept",16.8333333333333,"16:50",0.63702614664859,-58.3191588780683,59.5932111713654
"Intercept",16.9166666666667,"16:55",0.642779270959634,-58.313564846499,59.5991233884183
"Intercept",17,"17:00",0.648518791705043,-58.3079843489747,59.6050219323848
"Intercept",17.0833333333333,"17:05",0.654047457183091,-58.3026136291479,59.6107085435141
"Intercept",17.1666666666667,"17:10",0.659576122661139,-58.297242909321,59.6163951546433
"Intercept",17.25,"17:15",0.665056373471915,-58.2919307253739,59.6220434723178
"Intercept",17.3333333333333,"17:20",0.670407518503302,-58.2867746371063,59.6275896741129
"Intercept",17.4166666666667,"17:25",0.675758663534689,-58.2816185488386,59.633135875908
"Intercept",17.5,"17:30",0.681046496051977,-58.276549506231,59.638642498335
"Intercept",17.5833333333333,"17:35",0.686267059023037,-58.2715729496373,59.6441070676833
"Intercept",17.6666666666667,"17:40",0.691487621994096,-58.2665963930435,59.6495716370317
"Intercept",17.75,"17:45",0.696649887859039,-58.2616977907084,59.6549975664265
"Intercept",17.8333333333333,"17:50",0.701786807156106,-58.2568330815292,59.6604066958414
"Intercept",17.9166666666667,"17:55",0.706923726453173,-58.25196837235,59.6658158252564
"Intercept",18,"18:00",0.712026987560968,-58.2471254165704,59.6711793916923
"Intercept",18.0833333333333,"18:05",0.717126882849837,-58.2422846361307,59.6765384018303
"Intercept",18.1666666666667,"18:10",0.72222285795879,-58.2374442358757,59.6818899517932
"Intercept",18.25,"18:15",0.727290411763364,-58.2326065919596,59.6871874154863
"Intercept",18.3333333333333,"18:20",0.732357965567937,-58.2277689480436,59.6924848791795
"Intercept",18.4166666666667,"18:25",0.737388523757924,-58.2229714459592,59.697748493475
"Intercept",18.5,"18:30",0.742345090718736,-58.2182542275381,59.7029444089756
"Intercept",18.5833333333333,"18:35",0.747301657679549,-58.2135370091171,59.7081403244762
"Intercept",18.6666666666667,"18:40",0.752149420800286,-58.2089530205045,59.713251862105
"Intercept",18.75,"18:45",0.756906514054294,-58.2044800567322,59.7182930848408
"Intercept",18.8333333333333,"18:50",0.761663607308302,-58.2000070929599,59.7233343075765
"Intercept",18.9166666666667,"18:55",0.766202548615456,-58.1957912819261,59.728196379157
"Intercept",19,"19:00",0.770671681299616,-58.1916577597687,59.7330011223679
"Intercept",19.0833333333333,"19:05",0.775140813983776,-58.1875242376112,59.7378058655787
"Intercept",19.1666666666667,"19:10",0.77924490673301,-58.1837813221091,59.7422711355751
"Intercept",19.25,"19:15",0.783337591984279,-58.180050613065,59.7467257970335
"Intercept",19.3333333333333,"19:20",0.787346445202851,-58.1764009988487,59.7510938892544
"Intercept",19.4166666666667,"19:25",0.790978054274292,-58.1731163113576,59.7550724199062
"Intercept",19.5,"19:30",0.794609663345733,-58.1698316238665,59.759050950558
"Intercept",19.5833333333333,"19:35",0.798083165323578,-58.166696824362,59.7628631550092
"Intercept",19.6666666666667,"19:40",0.801313425618968,-58.16379262176,59.7664194729979
"Intercept",19.75,"19:45",0.804543685914358,-58.1608884191579,59.7699757909866
"Intercept",19.8333333333333,"19:50",0.807678618860173,-58.1580915902328,59.7734488279531
"Intercept",19.9166666666667,"19:55",0.810751589028764,-58.1553645541977,59.7768677322552
"Intercept",20,"20:00",0.813824559197355,-58.1526375181626,59.7802866365573
"Intercept",20.0833333333333,"20:05",0.816978342592008,-58.1498708887194,59.7838275739034
"Intercept",20.1666666666667,"20:10",0.820150084481342,-58.1470954607412,59.7873956297038
"Intercept",20.25,"20:15",0.823332578903049,-58.1443108088729,59.790975966679
"Intercept",20.3333333333333,"20:20",0.826859154360667,-58.1412309925255,59.7949493012468
"Intercept",20.4166666666667,"20:25",0.830385729818287,-58.1381511761781,59.7989226358146
"Intercept",20.5,"20:30",0.834060401134288,-58.1349280860475,59.8030488883161
"Intercept",20.5833333333333,"20:35",0.838197872007733,-58.1312572653447,59.8076530093601
"Intercept",20.6666666666667,"20:40",0.842335342881178,-58.1275864446418,59.8122571304041
"Intercept",20.75,"20:45",0.846860850855623,-58.1235177772381,59.8172394789493
"Intercept",20.8333333333333,"20:50",0.851852003351265,-58.1189716937934,59.8226757004959
"Intercept",20.9166666666667,"20:55",0.856843155846908,-58.1144256103487,59.8281119220425
"Intercept",21,"21:00",0.862416580853878,-58.1092863624399,59.8341195241477
"Intercept",21.0833333333333,"21:05",0.868281142116511,-58.1038505322991,59.8404128165321
"Intercept",21.1666666666667,"21:10",0.874145703379143,-58.0984147021582,59.8467061089165
"Intercept",21.25,"21:15",0.880632457078484,-58.092380507299,59.853645421456
"Intercept",21.3333333333333,"21:20",0.887205030424268,-58.0862637793753,59.8606738402238
"Intercept",21.4166666666667,"21:25",0.893826422819783,-58.0801032411935,59.867756086833
"Intercept",21.5,"21:30",0.900936005712621,-58.0735046004311,59.8753766118563
"Intercept",21.5833333333333,"21:35",0.908045588605459,-58.0669059596686,59.8829971368796
"Intercept",21.6666666666667,"21:40",0.915266082713738,-58.0602120236031,59.8907441890306
"Intercept",21.75,"21:45",0.922741672617534,-58.0532989083403,59.8987822535754
"Intercept",21.8333333333333,"21:50",0.93021726252133,-58.0463857930776,59.9068203181203
"Intercept",21.9166666666667,"21:55",0.937793309275812,-58.0393821021917,59.9149687207433
"Intercept",22,"22:00",0.94546390365447,-58.0322931636604,59.9232209709693
"Intercept",22.0833333333333,"22:05",0.953134498033128,-58.0252042251291,59.9314732211954
"Intercept",22.1666666666667,"22:10",0.960821863950843,-58.0180859667927,59.9397296946944
"Intercept",22.25,"22:15",0.968515519195705,-58.0109567135294,59.9479877519208
"Intercept",22.3333333333333,"22:20",0.976209174440567,-58.003827460266,59.9562458091472
"Intercept",22.4166666666667,"22:25",0.983754910332072,-57.996847408163,59.9643572288271
"Intercept",22.5,"22:30",0.991291103039489,-57.9898769819413,59.9724591880202
"Intercept",22.5833333333333,"22:35",0.99877539057862,-57.9829656453203,59.9805164264775
"Intercept",22.6666666666667,"22:40",1.00596900917535,-57.9763852104638,59.9883232288145
"Intercept",22.75,"22:45",1.01316262777208,-57.9698047756073,59.9961300311515
"Intercept",22.8333333333333,"22:50",1.0201643449154,-57.9634430315916,60.0037717214224
"Intercept",22.9166666666667,"22:55",1.02683023451524,-57.9574639965474,60.0111244655778
"Intercept",23,"23:00",1.03349612411508,-57.9514849615031,60.0184772097333
"Intercept",23.0833333333333,"23:05",1.0397515654186,-57.9459553134282,60.0254584442654
"Intercept",23.1666666666667,"23:10",1.04570457113535,-57.9407567925938,60.0321659348645
"Intercept",23.25,"23:15",1.0516575768521,-57.9355582717595,60.0388734254637
"Intercept",23.3333333333333,"23:20",1.05690303687183,-57.9310948911871,60.0449009649308
"Intercept",23.4166666666667,"23:25",1.06195800381928,-57.9268294329929,60.0507454406315
"Intercept",23.5,"23:30",1.06701297076673,-57.9225639747987,60.0565899163322
"Intercept",23.5833333333333,"23:35",1.06701297076673,-57.9225639747987,60.0565899163322
"Intercept",23.6666666666667,"23:40",1.06701297076673,-57.9225639747987,60.0565899163322
"Intercept",23.75,"23:45",1.06701297076673,-57.9225639747987,60.0565899163322
"Intercept",23.8333333333333,"23:50",1.06701297076673,-57.9225639747987,60.0565899163322
"Intercept",23.9166666666667,"23:55",1.06701297076673,-57.9225639747987,60.0565899163322
"Intercept",24,"24:00",1.06701297076673,-57.9225639747987,60.0565899163322
"group",0,"00:00",195.223176298847,120.998689941789,269.447662655905
"group",0.0833333333333333,"00:05",195.223176298847,120.998689941789,269.447662655905
"group",0.166666666666667,"00:10",195.223176298847,120.998689941789,269.447662655905
"group",0.25,"00:15",195.223176298847,120.998689941789,269.447662655905
"group",0.333333333333333,"00:20",195.223176298847,120.998689941789,269.447662655905
"group",0.416666666666667,"00:25",195.223176298847,120.998689941789,269.447662655905
"group",0.5,"00:30",195.223176298847,120.998689941789,269.447662655905
"group",0.583333333333333,"00:35",195.22317630674,120.998689949947,269.447662663533
"group",0.666666666666667,"00:40",195.223176314633,120.998689958105,269.447662671161
"group",0.75,"00:45",195.223176321736,120.998689965523,269.447662677949
"group",0.833333333333333,"00:50",195.223176325904,120.998689970193,269.447662681616
"group",0.916666666666667,"00:55",195.223176330073,120.998689974863,269.447662685282
"group",1,"01:00",195.223176333205,120.998689978479,269.447662687931
"group",1.08333333333333,"01:05",195.223176334931,120.998689980665,269.447662689197
"group",1.16666666666667,"01:10",195.223176336657,120.998689982851,269.447662690463
"group",1.25,"01:15",195.223176337646,120.998689984135,269.447662691156
"group",1.33333333333333,"01:20",195.223176338213,120.998689984904,269.447662691521
"group",1.41666666666667,"01:25",195.22317633878,120.998689985673,269.447662691887
"group",1.5,"01:30",195.223176339452,120.99868998625,269.447662692653
"group",1.58333333333333,"01:35",195.223176340142,120.998689986793,269.447662693492
"group",1.66666666666667,"01:40",195.223176340918,120.998689987404,269.447662694433
"group",1.75,"01:45",195.223176343016,120.998689989064,269.447662696967
"group",1.83333333333333,"01:50",195.223176345113,120.998689990724,269.447662699502
"group",1.91666666666667,"01:55",195.223176347944,120.998689993092,269.447662702795
"group",2,"02:00",195.223176352731,120.998689997349,269.447662708113
"group",2.08333333333333,"02:05",195.223176357518,120.998690001605,269.447662713431
"group",2.16666666666667,"02:10",195.223176364231,120.998690007876,269.447662720586
"group",2.25,"02:15",195.22317637299,120.998690016287,269.447662729693
"group",2.33333333333333,"02:20",195.22317638175,120.998690024699,269.4476627388
"group",2.41666666666667,"02:25",195.223176394086,120.998690036982,269.447662751191
"group",2.5,"02:30",195.223176407978,120.998690050947,269.447662765009
"group",2.58333333333333,"02:35",195.223176421869,120.998690064912,269.447662778827
"group",2.66666666666667,"02:40",195.223176440507,120.998690083919,269.447662797095
"group",2.75,"02:45",195.223176459619,120.998690103429,269.447662815808
"group",2.83333333333333,"02:50",195.223176479307,120.998690123522,269.447662835092
"group",2.91666666666667,"02:55",195.223176503175,120.998690147833,269.447662858518
"group",3,"03:00",195.223176527043,120.998690172143,269.447662881943
"group",3.08333333333333,"03:05",195.223176552341,120.998690197817,269.447662906865
"group",3.16666666666667,"03:10",195.223176580497,120.998690226216,269.447662934777
"group",3.25,"03:15",195.223176608653,120.998690254615,269.44766296269
"group",3.33333333333333,"03:20",195.223176638892,120.998690284918,269.447662992866
"group",3.41666666666667,"03:25",195.223176670867,120.998690316808,269.447663024927
"group",3.5,"03:30",195.223176702842,120.998690348697,269.447663056988
"group",3.58333333333333,"03:35",195.223176737356,120.99869038289,269.447663091822
"group",3.66666666666667,"03:40",195.223176772682,120.99869041782,269.447663127545
"group",3.75,"03:45",195.223176808008,120.99869045275,269.447663163267
"group",3.83333333333333,"03:50",195.22317684613,120.998690490331,269.447663201928
"group",3.91666666666667,"03:55",195.223176884338,120.998690527995,269.447663240681
"group",4,"04:00",195.223176922985,120.998690566118,269.447663279853
"group",4.08333333333333,"04:05",195.223176963608,120.998690606307,269.447663320908
"group",4.16666666666667,"04:10",195.22317700423,120.998690646497,269.447663361963
"group",4.25,"04:15",195.22317704561,120.998690687594,269.447663403627
"group",4.33333333333333,"04:20",195.223177088155,120.998690730085,269.447663446225
"group",4.41666666666667,"04:25",195.2231771307,120.998690772576,269.447663488824
"group",4.5,"04:30",195.223177173794,120.998690815847,269.447663531742
"group",4.58333333333333,"04:35",195.223177217245,120.998690859623,269.447663574867
"group",4.66666666666667,"04:40",195.223177260696,120.998690903399,269.447663617993
"group",4.75,"04:45",195.223177303627,120.998690946747,269.447663660507
"group",4.83333333333333,"04:50",195.223177346442,120.998690989999,269.447663702884
"group",4.91666666666667,"04:55",195.22317738919,120.99869103318,269.4476637452
"group",5,"05:00",195.223177429804,120.998691074082,269.447663785526
"group",5.08333333333333,"05:05",195.223177470418,120.998691114985,269.447663825852
"group",5.16666666666667,"05:10",195.22317751012,120.998691154899,269.447663865341
"group",5.25,"05:15",195.223177546968,120.998691191725,269.447663902212
"group",5.33333333333333,"05:20",195.223177583817,120.998691228551,269.447663939084
"group",5.41666666666667,"05:25",195.223177618243,120.998691262804,269.447663973682
"group",5.5,"05:30",195.223177649762,120.99869129397,269.447664005553
"group",5.58333333333333,"05:35",195.22317768128,120.998691325136,269.447664037424
"group",5.66666666666667,"05:40",195.223177708202,120.998691351572,269.447664064832
"group",5.75,"05:45",195.223177732825,120.998691375642,269.447664090008
"group",5.83333333333333,"05:50",195.223177757449,120.998691399713,269.447664115185
"group",5.91666666666667,"05:55",195.223177774638,120.998691416387,269.447664132889
"group",6,"06:00",195.223177790801,120.99869143204,269.447664149563
"group",6.08333333333333,"06:05",195.223177806055,120.998691446813,269.447664165296
"group",6.16666666666667,"06:10",195.223177812202,120.998691452774,269.44766417163
"group",6.25,"06:15",195.223177818349,120.998691458735,269.447664177964
"group",6.33333333333333,"06:20",195.223177821293,120.99869146162,269.447664180966
"group",6.41666666666667,"06:25",195.22317781687,120.998691457432,269.447664176308
"group",6.5,"06:30",195.223177812447,120.998691453243,269.44766417165
"group",6.58333333333333,"06:35",195.223177803295,120.998691444421,269.447664162168
"group",6.66666666666667,"06:40",195.223177789692,120.998691431239,269.447664148145
"group",6.75,"06:45",195.22317777609,120.998691418057,269.447664134122
"group",6.83333333333333,"06:50",195.223177756986,120.99869139931,269.447664114663
"group",6.91666666666667,"06:55",195.22317773582,120.998691378476,269.447664093164
"group",7,"07:00",195.223177714654,120.998691357642,269.447664071665
"group",7.08333333333333,"07:05",195.223177687899,120.998691330956,269.447664044842
"group",7.16666666666667,"07:10",195.223177660784,120.998691303893,269.447664017676
"group",7.25,"07:15",195.223177633013,120.998691276122,269.447663989903
"group",7.33333333333333,"07:20",195.223177601564,120.998691244388,269.447663958741
"group",7.41666666666667,"07:25",195.223177570116,120.998691212654,269.447663927578
"group",7.5,"07:30",195.223177537679,120.998691179843,269.447663895515
"group",7.58333333333333,"07:35",195.223177503513,120.998691145148,269.447663861878
"group",7.66666666666667,"07:40",195.223177469346,120.998691110453,269.44766382824
"group",7.75,"07:45",195.223177434545,120.998691075109,269.447663793981
"group",7.83333333333333,"07:50",195.223177399276,120.998691039287,269.447663759264
"group",7.91666666666667,"07:55",195.223177364006,120.998691003466,269.447663724547
"group",8,"08:00",195.223177329141,120.998690968251,269.44766369003
"group",8.08333333333333,"08:05",195.223177294384,120.9986909332,269.447663655567
"group",8.16666666666667,"08:10",195.223177259627,120.998690898148,269.447663621105
"group",8.25,"08:15",195.223177226689,120.998690865354,269.447663588024
"group",8.33333333333333,"08:20",195.223177193752,120.99869083256,269.447663554944
"group",8.41666666666667,"08:25",195.223177161218,120.998690800223,269.447663522212
"group",8.5,"08:30",195.223177130177,120.998690769584,269.44766349077
"group",8.58333333333333,"08:35",195.223177099137,120.998690738946,269.447663459328
"group",8.66666666666667,"08:40",195.223177068804,120.998690709004,269.447663428603
"group",8.75,"08:45",195.223177039429,120.998690680009,269.44766339885
"group",8.83333333333333,"08:50",195.223177010055,120.998690651014,269.447663369097
"group",8.91666666666667,"08:55",195.223176981595,120.998690622778,269.447663340411
"group",9,"09:00",195.223176953656,120.998690594977,269.447663312336
"group",9.08333333333333,"09:05",195.223176925718,120.998690567175,269.44766328426
"group",9.16666666666667,"09:10",195.223176898801,120.998690540111,269.447663257491
"group",9.25,"09:15",195.223176872067,120.998690513178,269.447663230956
"group",9.33333333333333,"09:20",195.223176845393,120.998690486288,269.447663204497
"group",9.41666666666667,"09:25",195.223176819633,120.998690460051,269.447663179214
"group",9.5,"09:30",195.223176793873,120.998690433814,269.447663153932
"group",9.58333333333333,"09:35",195.223176768316,120.998690407757,269.447663128875
"group",9.66666666666667,"09:40",195.2231767433,120.998690382178,269.447663104421
"group",9.75,"09:45",195.223176718283,120.998690356599,269.447663079968
"group",9.83333333333333,"09:50",195.223176693516,120.99869033136,269.447663055671
"group",9.91666666666667,"09:55",195.223176669012,120.998690306483,269.447663031541
"group",10,"10:00",195.223176644508,120.998690281605,269.447663007412
"group",10.0833333333333,"10:05",195.223176620218,120.998690257237,269.447662983199
"group",10.1666666666667,"10:10",195.22317659602,120.998690233089,269.447662958951
"group",10.25,"10:15",195.223176571822,120.998690208942,269.447662934702
"group",10.3333333333333,"10:20",195.223176547902,120.99869018537,269.447662910434
"group",10.4166666666667,"10:25",195.223176524009,120.998690161856,269.447662886163
"group",10.5,"10:30",195.223176500167,120.998690138397,269.447662861937
"group",10.5833333333333,"10:35",195.223176476686,120.998690115341,269.44766283803
"group",10.6666666666667,"10:40",195.223176453205,120.998690092285,269.447662814124
"group",10.75,"10:45",195.223176429896,120.998690069337,269.447662790456
"group",10.8333333333333,"10:50",195.223176406934,120.998690046604,269.447662767263
"group",10.9166666666667,"10:55",195.223176383971,120.998690023871,269.447662744071
"group",11,"11:00",195.223176361349,120.998690001302,269.447662721397
"group",11.0833333333333,"11:05",195.223176339011,120.998689978869,269.447662699154
"group",11.1666666666667,"11:10",195.223176316674,120.998689956436,269.447662676911
"group",11.25,"11:15",195.223176294891,120.998689934327,269.447662655455
"group",11.3333333333333,"11:20",195.223176273285,120.998689912321,269.44766263425
"group",11.4166666666667,"11:25",195.22317625168,120.998689890315,269.447662613044
"group",11.5,"11:30",195.223176230888,120.998689868984,269.447662592792
"group",11.5833333333333,"11:35",195.223176210121,120.998689847674,269.447662572568
"group",11.6666666666667,"11:40",195.223176189527,120.998689826558,269.447662552496
"group",11.75,"11:45",195.223176169706,120.998689806312,269.4476625331
"group",11.8333333333333,"11:50",195.223176149885,120.998689786066,269.447662513705
"group",11.9166666666667,"11:55",195.223176130481,120.998689766389,269.447662494574
"group",12,"12:00",195.223176111718,120.998689747586,269.447662475851
"group",12.0833333333333,"12:05",195.223176092955,120.998689728783,269.447662457127
"group",12.1666666666667,"12:10",195.223176074967,120.99868971099,269.447662438944
"group",12.25,"12:15",195.223176057483,120.998689693852,269.447662421113
"group",12.3333333333333,"12:20",195.223176039998,120.998689676714,269.447662403282
"group",12.4166666666667,"12:25",195.22317602383,120.998689660989,269.447662386672
"group",12.5,"12:30",195.223176007956,120.998689645579,269.447662370332
"group",12.5833333333333,"12:35",195.223175992139,120.998689630224,269.447662354055
"group",12.6666666666667,"12:40",195.223175978209,120.998689616616,269.447662339803
"group",12.75,"12:45",195.223175964279,120.998689603008,269.44766232555
"group",12.8333333333333,"12:50",195.223175950902,120.99868958988,269.447662311925
"group",12.9166666666667,"12:55",195.223175939253,120.998689578247,269.447662300258
"group",13,"13:00",195.223175927603,120.998689566615,269.447662288591
"group",13.0833333333333,"13:05",195.223175917143,120.998689556025,269.44766227826
"group",13.1666666666667,"13:10",195.223175908109,120.998689546685,269.447662269533
"group",13.25,"13:15",195.223175899075,120.998689537345,269.447662260805
"group",13.3333333333333,"13:20",195.223175892009,120.998689529843,269.447662254175
"group",13.4166666666667,"13:25",195.223175885927,120.99868952326,269.447662248594
"group",13.5,"13:30",195.223175879845,120.998689516677,269.447662243013
"group",13.5833333333333,"13:35",195.223175876651,120.998689513025,269.447662240278
"group",13.6666666666667,"13:40",195.223175873856,120.998689509776,269.447662237935
"group",13.75,"13:45",195.22317587139,120.998689506887,269.447662235892
"group",13.8333333333333,"13:50",195.223175872215,120.998689507588,269.447662236841
"group",13.9166666666667,"13:55",195.223175873039,120.998689508289,269.447662237789
"group",14,"14:00",195.223175874975,120.99868951023,269.447662239719
"group",14.0833333333333,"14:05",195.223175879465,120.998689515022,269.447662243907
"group",14.1666666666667,"14:10",195.223175883955,120.998689519815,269.447662248095
"group",14.25,"14:15",195.223175890069,120.998689526328,269.447662253809
"group",14.3333333333333,"14:20",195.22317589771,120.998689534462,269.447662260958
"group",14.4166666666667,"14:25",195.223175905352,120.998689542597,269.447662268107
"group",14.5,"14:30",195.223175914865,120.998689552541,269.447662277188
"group",14.5833333333333,"14:35",195.22317592508,120.998689563165,269.447662286994
"group",14.6666666666667,"14:40",195.223175935295,120.998689573789,269.4476622968
"group",14.75,"14:45",195.223175947384,120.998689586028,269.44766230874
"group",14.8333333333333,"14:50",195.223175959594,120.998689598371,269.447662320817
"group",14.9166666666667,"14:55",195.223175972019,120.998689610879,269.44766233316
"group",15,"15:00",195.223175985647,120.998689624306,269.447662346988
"group",15.0833333333333,"15:05",195.223175999275,120.998689637733,269.447662360816
"group",15.1666666666667,"15:10",195.223176013207,120.998689651379,269.447662375036
"group",15.25,"15:15",195.223176027674,120.998689665406,269.447662389943
"group",15.3333333333333,"15:20",195.223176042141,120.998689679433,269.447662404849
"group",15.4166666666667,"15:25",195.223176056758,120.998689693599,269.447662419917
"group",15.5,"15:30",195.223176071486,120.998689707868,269.447662435104
"group",15.5833333333333,"15:35",195.223176086214,120.998689722136,269.447662450291
"group",15.6666666666667,"15:40",195.223176100692,120.998689736362,269.447662465023
"group",15.75,"15:45",195.223176115103,120.998689750575,269.447662479631
"group",15.8333333333333,"15:50",195.223176129514,120.998689764788,269.44766249424
"group",15.9166666666667,"15:55",195.223176143042,120.998689778559,269.447662507525
"group",16,"16:00",195.22317615657,120.99868979233,269.447662520809
"group",16.0833333333333,"16:05",195.2231761698,120.998689805859,269.447662533741
"group",16.1666666666667,"16:10",195.223176181925,120.998689818488,269.447662545361
"group",16.25,"16:15",195.223176194049,120.998689831118,269.447662556981
"group",16.3333333333333,"16:20",195.223176205363,120.998689842928,269.447662567799
"group",16.4166666666667,"16:25",195.223176215577,120.998689853627,269.447662577527
"group",16.5,"16:30",195.223176225791,120.998689864327,269.447662587256
"group",16.5833333333333,"16:35",195.223176234466,120.998689873335,269.447662595597
"group",16.6666666666667,"16:40",195.223176242261,120.998689881376,269.447662603146
"group",16.75,"16:45",195.223176250056,120.998689889418,269.447662610695
"group",16.8333333333333,"16:50",195.223176255368,120.998689894693,269.447662616043
"group",16.9166666666667,"16:55",195.223176260237,120.998689899475,269.447662620998
"group",17,"17:00",195.223176264897,120.998689904032,269.447662625762
"group",17.0833333333333,"17:05",195.223176266331,120.998689905104,269.447662627558
"group",17.1666666666667,"17:10",195.223176267765,120.998689906175,269.447662629354
"group",17.25,"17:15",195.223176268123,120.998689906149,269.447662630097
"group",17.3333333333333,"17:20",195.223176265614,120.998689903195,269.447662628034
"group",17.4166666666667,"17:25",195.223176263106,120.998689900241,269.447662625971
"group",17.5,"17:30",195.223176258439,120.998689895221,269.447662621657
"group",17.5833333333333,"17:35",195.22317625148,120.998689888008,269.447662614952
"group",17.6666666666667,"17:40",195.223176244521,120.998689880794,269.447662608247
"group",17.75,"17:45",195.223176234186,120.998689870502,269.447662597869
"group",17.8333333333333,"17:50",195.223176222383,120.998689858872,269.447662585894
"group",17.9166666666667,"17:55",195.223176210581,120.998689847242,269.447662573919
"group",18,"18:00",195.223176194929,120.998689832063,269.447662557796
"group",18.0833333333333,"18:05",195.223176178894,120.998689816529,269.447662541259
"group",18.1666666666667,"18:10",195.223176162481,120.998689800624,269.447662524338
"group",18.25,"18:15",195.223176143338,120.998689782031,269.447662504645
"group",18.3333333333333,"18:20",195.223176124195,120.998689763438,269.447662484951
"group",18.4166666666667,"18:25",195.223176104393,120.998689744122,269.447662464664
"group",18.5,"18:30",195.223176083273,120.998689723358,269.447662443188
"group",18.5833333333333,"18:35",195.223176062153,120.998689702594,269.447662421711
"group",18.6666666666667,"18:40",195.223176040571,120.998689681192,269.44766239995
"group",18.75,"18:45",195.223176018605,120.998689659257,269.447662377952
"group",18.8333333333333,"18:50",195.223175996638,120.998689637323,269.447662355953
"group",18.9166666666667,"18:55",195.223175974887,120.998689615373,269.4476623344
"group",19,"19:00",195.223175953204,120.998689593418,269.44766231299
"group",19.0833333333333,"19:05",195.223175931521,120.998689571463,269.44766229158
"group",19.1666666666667,"19:10",195.22317591121,120.99868955074,269.44766227168
"group",19.25,"19:15",195.223175890942,120.998689530057,269.447662251827
"group",19.3333333333333,"19:20",195.223175871136,120.998689509857,269.447662232416
"group",19.4166666666667,"19:25",195.223175853413,120.998689491836,269.447662214989
"group",19.5,"19:30",195.223175835689,120.998689473815,269.447662197563
"group",19.5833333333333,"19:35",195.223175819403,120.998689457383,269.447662181423
"group",19.6666666666667,"19:40",195.223175805329,120.998689443397,269.44766216726
"group",19.75,"19:45",195.223175791254,120.99868942941,269.447662153098
"group",19.8333333333333,"19:50",195.2231757797,120.998689418178,269.447662141223
"group",19.9166666666667,"19:55",195.223175769785,120.998689408736,269.447662130834
"group",20,"20:00",195.223175759869,120.998689399294,269.447662120445
"group",20.0833333333333,"20:05",195.223175753287,120.998689393282,269.447662113293
"group",20.1666666666667,"20:10",195.223175747446,120.998689388032,269.44766210686
"group",20.25,"20:15",195.223175741725,120.998689382899,269.447662100551
"group",20.3333333333333,"20:20",195.223175739847,120.998689381471,269.447662098223
"group",20.4166666666667,"20:25",195.223175737969,120.998689380043,269.447662095896
"group",20.5,"20:30",195.223175737025,120.998689379475,269.447662094576
"group",20.5833333333333,"20:35",195.223175739,120.998689381596,269.447662096405
"group",20.6666666666667,"20:40",195.223175740975,120.998689383716,269.447662098234
"group",20.75,"20:45",195.223175744651,120.998689387391,269.44766210191
"group",20.8333333333333,"20:50",195.223175750367,120.998689392932,269.447662107803
"group",20.9166666666667,"20:55",195.223175756084,120.998689398472,269.447662113697
"group",21,"21:00",195.223175764222,120.998689406305,269.447662122139
"group",21.0833333333333,"21:05",195.22317577357,120.998689415283,269.447662131856
"group",21.1666666666667,"21:10",195.223175782918,120.998689424262,269.447662141574
"group",21.25,"21:15",195.22317579536,120.998689436379,269.44766215434
"group",21.3333333333333,"21:20",195.223175808228,120.998689448929,269.447662167528
"group",21.4166666666667,"21:25",195.223175821407,120.998689461819,269.447662180995
"group",21.5,"21:30",195.223175837683,120.998689478108,269.447662197258
"group",21.5833333333333,"21:35",195.223175853959,120.998689494397,269.447662213521
"group",21.6666666666667,"21:40",195.223175871147,120.998689511728,269.447662230566
"group",21.75,"21:45",195.223175890434,120.998689531455,269.447662249412
"group",21.8333333333333,"21:50",195.223175909721,120.998689551183,269.447662268259
"group",21.9166666666667,"21:55",195.223175930071,120.998689572071,269.447662288071
"group",22,"22:00",195.223175951422,120.998689594052,269.447662308792
"group",22.0833333333333,"22:05",195.223175972773,120.998689616033,269.447662329513
"group",22.1666666666667,"22:10",195.22317599489,120.998689638715,269.447662351065
"group",22.25,"22:15",195.223176017294,120.99868966166,269.447662372928
"group",22.3333333333333,"22:20",195.223176039699,120.998689684606,269.447662394792
"group",22.4166666666667,"22:25",195.223176062144,120.998689707324,269.447662416964
"group",22.5,"22:30",195.223176084592,120.998689730027,269.447662439157
"group",22.5833333333333,"22:35",195.223176106893,120.998689752532,269.447662461255
"group",22.6666666666667,"22:40",195.223176128374,120.998689773922,269.447662482826
"group",22.75,"22:45",195.223176149855,120.998689795313,269.447662504398
"group",22.8333333333333,"22:50",195.223176170617,120.998689815891,269.447662525343
"group",22.9166666666667,"22:55",195.223176190121,120.998689835049,269.447662545194
"group",23,"23:00",195.223176209625,120.998689854206,269.447662565044
"group",23.0833333333333,"23:05",195.223176227409,120.998689871621,269.447662583197
"group",23.1666666666667,"23:10",195.223176243926,120.998689887751,269.4476626001
"group",23.25,"23:15",195.223176260442,120.998689903881,269.447662617003
"group",23.3333333333333,"23:20",195.223176273809,120.998689917049,269.447662630569
"group",23.4166666666667,"23:25",195.223176286328,120.998689929419,269.447662643237
"group",23.5,"23:30",195.223176298847,120.998689941789,269.447662655905
"group",23.5833333333333,"23:35",195.223176298847,120.998689941789,269.447662655905
"group",23.6666666666667,"23:40",195.223176298847,120.998689941789,269.447662655905
"group",23.75,"23:45",195.223176298847,120.998689941789,269.447662655905
"group",23.8333333333333,"23:50",195.223176298847,120.998689941789,269.447662655905
"group",23.9166666666667,"23:55",195.223176298847,120.998689941789,269.447662655905
"group",24,"24:00",195.223176298847,120.998689941789,269.447662655905
"age",0,"00:00",-8.81013916313147e-08,-0.000223827668736499,0.000223651465953237
"age",0.0833333333333333,"00:05",-8.81013916313147e-08,-0.000223827668736499,0.000223651465953237
"age",0.166666666666667,"00:10",-8.81013916313147e-08,-0.000223827668736499,0.000223651465953237
"age",0.25,"00:15",-8.81013916313147e-08,-0.000223827668736499,0.000223651465953237
"age",0.333333333333333,"00:20",-8.81013916313147e-08,-0.000223827668736499,0.000223651465953237
"age",0.416666666666667,"00:25",-8.81013916313147e-08,-0.000223827668736499,0.000223651465953237
"age",0.5,"00:30",-8.81013916313147e-08,-0.000223827668736499,0.000223651465953237
"age",0.583333333333333,"00:35",-9.17113370156649e-08,-0.000223718197035007,0.000223534774360975
"age",0.666666666666667,"00:40",-9.53212824000151e-08,-0.000223608725333514,0.000223418082768714
"age",0.75,"00:45",-9.89819106716056e-08,-0.000223470885002019,0.000223272921180675
"age",0.833333333333333,"00:50",-1.02830789667231e-07,-0.00022322767547337,0.000223022013894035
"age",0.916666666666667,"00:55",-1.06679668662857e-07,-0.000222984465944721,0.000222771106607395
"age",1,"01:00",-1.1056740490326e-07,-0.000222746173428968,0.000222525038619161
"age",1.08333333333333,"01:05",-1.14507875975861e-07,-0.000222514554002146,0.000222285538250194
"age",1.16666666666667,"01:10",-1.18448347048461e-07,-0.000222282934575324,0.000222046037881227
"age",1.25,"01:15",-1.22353341193672e-07,-0.00022213172922921,0.000221887022546822
"age",1.33333333333333,"01:20",-1.26238062808946e-07,-0.000222026474786357,0.000221773998660739
"age",1.41666666666667,"01:25",-1.30122784424219e-07,-0.000221921220343504,0.000221660974774656
"age",1.5,"01:30",-1.33835186410233e-07,-0.000221965045756393,0.000221697375383573
"age",1.58333333333333,"01:35",-1.37516817033879e-07,-0.000222035492572093,0.000221760458938026
"age",1.66666666666667,"01:40",-1.4117720932262e-07,-0.000222114757845315,0.000221832403426669
"age",1.75,"01:45",-1.44508407420337e-07,-0.000222330709210114,0.000222041692395274
"age",1.83333333333333,"01:50",-1.47839605518054e-07,-0.000222546660574914,0.000222250981363878
"age",1.91666666666667,"01:55",-1.5103504705389e-07,-0.000222774689616811,0.000222472619522704
"age",2,"02:00",-1.53868471091376e-07,-0.000223034925797635,0.000222727188855452
"age",2.08333333333333,"02:05",-1.56701895128863e-07,-0.000223295161978458,0.000222981758188201
"age",2.16666666666667,"02:10",-1.59222535847789e-07,-0.000223507885468536,0.00022318944039684
"age",2.25,"02:15",-1.61410844290744e-07,-0.000223670126724696,0.000223347305036115
"age",2.33333333333333,"02:20",-1.635991527337e-07,-0.000223832367980857,0.000223505169675389
"age",2.41666666666667,"02:25",-1.65245875160656e-07,-0.000223841685643836,0.000223511193893515
"age",2.5,"02:30",-1.66657125406745e-07,-0.000223784514788041,0.000223451200537228
"age",2.58333333333333,"02:35",-1.68068375652833e-07,-0.000223727343932246,0.00022339120718094
"age",2.66666666666667,"02:40",-1.68775104937083e-07,-0.000223516031461693,0.000223178481251818
"age",2.75,"02:45",-1.6941138212515e-07,-0.000223289304829663,0.000222950482065413
"age",2.83333333333333,"02:50",-1.69962340781005e-07,-0.000223059610180962,0.0002227196854994
"age",2.91666666666667,"02:55",-1.69894740078334e-07,-0.000222808397411385,0.000222468607931229
"age",3,"03:00",-1.69827139375662e-07,-0.000222557184641809,0.000222217530363058
"age",3.08333333333333,"03:05",-1.69548801208776e-07,-0.000222340025880532,0.000222000928278114
"age",3.16666666666667,"03:10",-1.68848988113463e-07,-0.000222190975135851,0.000221853277159624
"age",3.25,"03:15",-1.6814917501815e-07,-0.000222041924391171,0.000221705626041134
"age",3.33333333333333,"03:20",-1.67143609071268e-07,-0.000221985742836982,0.000221651455618839
"age",3.41666666666667,"03:25",-1.6588324908141e-07,-0.000222006952274869,0.000221675185776706
"age",3.5,"03:30",-1.64622889091553e-07,-0.000222028161712757,0.000221698915934574
"age",3.58333333333333,"03:35",-1.62992164407417e-07,-0.000222170776720312,0.000221844792391497
"age",3.66666666666667,"03:40",-1.61242923021112e-07,-0.000222352241510161,0.000222029755664119
"age",3.75,"03:45",-1.59493681634808e-07,-0.000222533706300011,0.000222214718936741
"age",3.83333333333333,"03:50",-1.57339867256163e-07,-0.0002227878918587,0.000222473212124187
"age",3.91666666666667,"03:55",-1.55173409971508e-07,-0.000223044349941415,0.000222734003121472
"age",4,"04:00",-1.52944125341352e-07,-0.000223289776021443,0.000222983887770761
"age",4.08333333333333,"04:05",-1.50432117656443e-07,-0.000223485558089382,0.000223184693854069
"age",4.16666666666667,"04:10",-1.47920109971534e-07,-0.00022368134015732,0.000223385499937377
"age",4.25,"04:15",-1.45300153488808e-07,-0.000223798898454386,0.000223508298147408
"age",4.33333333333333,"04:20",-1.42514121932517e-07,-0.000223796112488571,0.000223511084244706
"age",4.41666666666667,"04:25",-1.39728090376225e-07,-0.000223793326522755,0.000223513870342003
"age",4.5,"04:30",-1.36817396011017e-07,-0.000223670237707762,0.00022339660291574
"age",4.58333333333333,"04:35",-1.33825670820013e-07,-0.000223468952040803,0.000223201300699163
"age",4.66666666666667,"04:40",-1.30833945629009e-07,-0.000223267666373844,0.000223005998482586
"age",4.75,"04:45",-1.2772721705508e-07,-0.000223016904419864,0.000222761449985753
"age",4.83333333333333,"04:50",-1.24594932173833e-07,-0.000222755147735433,0.000222505957871086
"age",4.91666666666667,"04:55",-1.21460357452738e-07,-0.000222495673928394,0.000222252753213488
"age",5,"05:00",-1.18252507856493e-07,-0.000222309252197849,0.000222072747182136
"age",5.08333333333333,"05:05",-1.15044658260247e-07,-0.000222122830467305,0.000221892741150784
"age",5.16666666666667,"05:10",-1.11834246302848e-07,-0.000221975374476351,0.000221751705983746
"age",5.25,"05:15",-1.08615826966847e-07,-0.000221949686421622,0.000221732454767688
"age",5.33333333333333,"05:20",-1.05397407630846e-07,-0.000221923998366892,0.00022171320355163
"age",5.41666666666667,"05:25",-1.02203727038249e-07,-0.00022197598084344,0.000221771573389363
"age",5.5,"05:30",-9.9039732937736e-08,-0.00022212116795752,0.000221923088491645
"age",5.58333333333333,"05:35",-9.5875738837223e-08,-0.000222266355071601,0.000222074603593926
"age",5.66666666666667,"05:40",-9.27913582105313e-08,-0.000222480151301484,0.000222294568585063
"age",5.75,"05:45",-8.97467843207502e-08,-0.000222728252089269,0.000222548758520628
"age",5.83333333333333,"05:50",-8.6702210430969e-08,-0.000222976352877054,0.000222802948456192
"age",5.91666666666667,"05:55",-8.38196983712875e-08,-0.000223203716181872,0.000223036076785129
"age",6,"06:00",-8.09595396674817e-08,-0.000223428219144211,0.000223266300064876
"age",6.08333333333333,"06:05",-7.81220275791472e-08,-0.000223637401045848,0.00022348115699069
"age",6.16666666666667,"06:10",-7.55109816455244e-08,-0.000223693372340455,0.000223542350377164
"age",6.25,"06:15",-7.28999357119016e-08,-0.000223749343635063,0.000223603543763639
"age",6.33333333333333,"06:20",-7.03730794870746e-08,-0.000223739146079188,0.000223598399920214
"age",6.41666666666667,"06:25",-6.80398595924779e-08,-0.000223576760167202,0.000223440680448017
"age",6.5,"06:30",-6.57066396978813e-08,-0.000223414374255217,0.000223282960975821
"age",6.58333333333333,"06:35",-6.34953316531235e-08,-0.000223201960356846,0.00022307496969354
"age",6.66666666666667,"06:40",-6.139876417292e-08,-0.00022294246129482,0.000222819663766474
"age",6.75,"06:45",-5.93021966927164e-08,-0.000222682962232793,0.000222564357839408
"age",6.83333333333333,"06:50",-5.73419559265393e-08,-0.000222456168644334,0.000222341484732481
"age",6.91666666666667,"06:55",-5.5432837678122e-08,-0.000222241639608463,0.000222130773933107
"age",7,"07:00",-5.35237194297047e-08,-0.000222027110572592,0.000221920063133733
"age",7.08333333333333,"07:05",-5.17444686820317e-08,-0.000221949726656625,0.000221846237719261
"age",7.16666666666667,"07:10",-4.99735964827939e-08,-0.000221881190812909,0.000221781243619943
"age",7.25,"07:15",-4.8216215626976e-08,-0.000221839320625965,0.000221742888194711
"age",7.33333333333333,"07:20",-4.65343862943106e-08,-0.000221946778116941,0.000221853709344352
"age",7.41666666666667,"07:25",-4.48525569616452e-08,-0.000222054235607917,0.000221964530493993
"age",7.5,"07:30",-4.31852147867855e-08,-0.000222207678733849,0.000222121308304275
"age",7.58333333333333,"07:35",-4.15432251380858e-08,-0.000222441596720954,0.000222358510270678
"age",7.66666666666667,"07:40",-3.9901235489386e-08,-0.000222675514708059,0.00022259571223708
"age",7.75,"07:45",-3.82538547354079e-08,-0.000222916047605332,0.000222839539895861
"age",7.83333333333333,"07:50",-3.66025015880669e-08,-0.000223161454646939,0.000223088249643763
"age",7.91666666666667,"07:55",-3.49511484407259e-08,-0.000223406861688546,0.000223336959391664
"age",8,"08:00",-3.3253651847553e-08,-0.000223546665058319,0.000223480157754624
"age",8.08333333333333,"08:05",-3.15437320189639e-08,-0.000223658036670292,0.000223594949206254
"age",8.16666666666667,"08:10",-2.98338121903747e-08,-0.000223769408282264,0.000223709740657883
"age",8.25,"08:15",-2.80287290221046e-08,-0.000223654521329753,0.000223598463871709
"age",8.33333333333333,"08:20",-2.62236458538346e-08,-0.000223539634377243,0.000223487187085535
"age",8.41666666666667,"08:25",-2.44013100398093e-08,-0.000223396310837789,0.000223347508217709
"age",8.5,"08:30",-2.25148929701219e-08,-0.000223147365689689,0.000223102335903749
"age",8.58333333333333,"08:35",-2.06284759004345e-08,-0.00022289842054159,0.000222857163589789
"age",8.66666666666667,"08:40",-1.87187687960284e-08,-0.000222654330222199,0.000222616892684607
"age",8.75,"08:45",-1.67774537873612e-08,-0.000222416828598912,0.000222383273691337
"age",8.83333333333333,"08:50",-1.48361387786941e-08,-0.000222179326975625,0.000222149654698067
"age",8.91666666666667,"08:55",-1.28767116031365e-08,-0.000222022256755267,0.000221996503332061
"age",9,"09:00",-1.09069346179272e-08,-0.000221911147336584,0.000221889333467348
"age",9.08333333333333,"09:05",-8.93715763271797e-09,-0.0002218000379179,0.000221782163602635
"age",9.16666666666667,"09:10",-6.96566160523826e-09,-0.000221838178920082,0.000221824247596872
"age",9.25,"09:15",-4.99385860592455e-09,-0.000221902971783134,0.000221892984065922
"age",9.33333333333333,"09:20",-3.02353499741896e-09,-0.000221976605820509,0.000221970558750514
"age",9.41666666666667,"09:25",-1.07614194643843e-09,-0.000222187278059904,0.000222185125776011
"age",9.5,"09:30",8.71251104542087e-10,-0.000222397950299299,0.000222399692801508
"age",9.58333333333333,"09:35",2.8047770889487e-09,-0.000222620849841819,0.000222626459395997
"age",9.66666666666667,"09:40",4.7013242291584e-09,-0.000222876355526003,0.000222885758174461
"age",9.75,"09:45",6.59787136936809e-09,-0.000223131861210187,0.000223145056952925
"age",9.83333333333333,"09:50",8.45694851044636e-09,-0.000223340204470253,0.000223357118367274
"age",9.91666666666667,"09:55",1.02762137774476e-08,-0.000223498437654694,0.000223518990082249
"age",10,"10:00",1.20954790444488e-08,-0.000223656670839136,0.000223680861797225
"age",10.0833333333333,"10:05",1.38463650055112e-08,-0.000223662590423509,0.00022369028315352
"age",10.1666666666667,"10:10",1.55675208335567e-08,-0.000223602286703506,0.000223633421745173
"age",10.25,"10:15",1.72886766616022e-08,-0.000223541982983502,0.000223576560336825
"age",10.3333333333333,"10:20",1.89460841426869e-08,-0.000223328305958468,0.000223366198126753
"age",10.4166666666667,"10:25",2.05971167890756e-08,-0.000223099291602931,0.000223140485836509
"age",10.5,"10:30",2.22460884659552e-08,-0.000222867396616065,0.000222911888792997
"age",10.5833333333333,"10:35",2.38801181138947e-08,-0.000222614617052065,0.000222662377288293
"age",10.6666666666667,"10:40",2.55141477618342e-08,-0.000222361837488066,0.000222412865783589
"age",10.75,"10:45",2.71602857108252e-08,-0.000222143310579264,0.000222197631150685
"age",10.8333333333333,"10:50",2.88306402619191e-08,-0.000221993288980858,0.000222050950261382
"age",10.9166666666667,"10:55",3.05009948130131e-08,-0.000221843267382453,0.000221904269372079
"age",11,"11:00",3.22202508939751e-08,-0.000221786371856922,0.00022185081235871
"age",11.0833333333333,"11:05",3.39802582498271e-08,-0.00022180708139212,0.00022187504190862
"age",11.1666666666667,"11:10",3.57402656056792e-08,-0.000221827790927318,0.000221899271458529
"age",11.25,"11:15",3.7608591678472e-08,-0.000221970168121403,0.00022204538530476
"age",11.3333333333333,"11:20",3.95115797406857e-08,-0.000222151478966333,0.000222230502125814
"age",11.4166666666667,"11:25",4.14145678028995e-08,-0.000222332789811262,0.000222415618946868
"age",11.5,"11:30",4.35079157273828e-08,-0.000222587035689221,0.000222674051520676
"age",11.5833333333333,"11:35",4.56072123975619e-08,-0.000222843560786962,0.000222934775211758
"age",11.6666666666667,"11:40",4.77518975240263e-08,-0.000223089071329004,0.000223184575124052
"age",11.75,"11:45",5.01008307037745e-08,-0.000223285016370396,0.000223385218031803
"age",11.8333333333333,"11:50",5.24497638835226e-08,-0.000223480961411787,0.000223585860939554
"age",11.9166666666667,"11:55",5.49169419233176e-08,-0.000223598672400154,0.000223708506284001
"age",12,"12:00",5.75660351324155e-08,-0.000223596023306945,0.00022371115537721
"age",12.0833333333333,"12:05",6.02151283415134e-08,-0.000223593374213736,0.000223713804470419
"age",12.1666666666667,"12:10",6.3037665651948e-08,-0.000223470373510019,0.000223596448841323
"age",12.25,"12:15",6.59729416282515e-08,-0.000223269144259471,0.000223401090142727
"age",12.3333333333333,"12:20",6.89082176045548e-08,-0.000223067915008923,0.000223205731444132
"age",12.4166666666667,"12:25",7.20134338088787e-08,-0.000222817154565551,0.000222961181433169
"age",12.5,"12:30",7.51564145083183e-08,-0.00022255538719044,0.000222705700019457
"age",12.5833333333333,"12:35",7.83032261864621e-08,-0.000222295901152878,0.000222452507605251
"age",12.6666666666667,"12:40",8.15726291831455e-08,-0.00022210941791689,0.000222272563175256
"age",12.75,"12:45",8.48420321798289e-08,-0.000221922934680902,0.000222092618745261
"age",12.8333333333333,"12:50",8.81223781756278e-08,-0.000221775408814748,0.000221951653571099
"age",12.9166666666667,"12:55",9.14369210436629e-08,-0.000221749624729326,0.000221932498571413
"age",13,"13:00",9.47514639116979e-08,-0.000221723840643904,0.000221913343571727
"age",13.0833333333333,"13:05",9.80495783458508e-08,-0.00022177571879892,0.000221971817955611
"age",13.1666666666667,"13:10",1.01327978659345e-07,-0.00022192079164246,0.000222123447599779
"age",13.25,"13:15",1.0460637897284e-07,-0.000222065864486001,0.000222275077243947
"age",13.3333333333333,"13:20",1.07806495966046e-07,-0.000222279545139861,0.000222495158131793
"age",13.4166666666667,"13:25",1.10967471299107e-07,-0.00022252752969888,0.000222749464641478
"age",13.5,"13:30",1.14128446632169e-07,-0.000222775514257898,0.000223003771151163
"age",13.5833333333333,"13:35",1.17114800305127e-07,-0.000223002773919414,0.000223237003520024
"age",13.6666666666667,"13:40",1.20077068231863e-07,-0.000223227174974378,0.000223467329110842
"age",13.75,"13:45",1.23013899637567e-07,-0.000223436257760525,0.0002236822855598
"age",13.8333333333333,"13:50",1.25696365832935e-07,-0.000223492157858506,0.000223743550590171
"age",13.9166666666667,"13:55",1.28378832028304e-07,-0.000223548057956486,0.000223804815620543
"age",14,"14:00",1.30958832813477e-07,-0.000223537807485366,0.000223799725150993
"age",14.0833333333333,"14:05",1.333031631552e-07,-0.000223375410705316,0.000223642017031626
"age",14.1666666666667,"14:10",1.35647493496924e-07,-0.000223213013925266,0.00022348430891226
"age",14.25,"14:15",1.37810353332656e-07,-0.000223000648728223,0.000223276269434888
"age",14.3333333333333,"14:20",1.39802417398043e-07,-0.000222741254432833,0.000223020859267629
"age",14.4166666666667,"14:25",1.41794481463429e-07,-0.000222481860137444,0.00022276544910037
"age",14.5,"14:30",1.43523768818928e-07,-0.000222255297781584,0.000222542345319222
"age",14.5833333333333,"14:35",1.45154514908218e-07,-0.000222041047403049,0.000222331356432865
"age",14.6666666666667,"14:40",1.46785260997508e-07,-0.000221826797024513,0.000222120367546508
"age",14.75,"14:45",1.48068084057963e-07,-0.000221749909840469,0.000222046046008585
"age",14.8333333333333,"14:50",1.49328460471397e-07,-0.000221681884798005,0.000221980541718948
"age",14.9166666666667,"14:55",1.50531348797616e-07,-0.000221640569411469,0.000221941632109064
"age",15,"15:00",1.51412303835433e-07,-0.00022174882809813,0.000222051652705801
"age",15.0833333333333,"15:05",1.52293258873249e-07,-0.00022185708678479,0.000222161673302537
"age",15.1666666666667,"15:10",1.53032950974566e-07,-0.000222011457885871,0.00022231752378782
"age",15.25,"15:15",1.53525432937005e-07,-0.000222246525712187,0.000222553576578061
"age",15.3333333333333,"15:20",1.54017914899445e-07,-0.000222481593538503,0.000222789629368301
"age",15.4166666666667,"15:25",1.54281518961049e-07,-0.000222723510546728,0.00022303207358465
"age",15.5,"15:30",1.54376476148352e-07,-0.00022297047432057,0.000223279227272867
"age",15.5833333333333,"15:35",1.54471433335655e-07,-0.000223217438094413,0.000223526380961084
"age",15.6666666666667,"15:40",1.54246057542736e-07,-0.000223359164673845,0.000223667656788931
"age",15.75,"15:45",1.53934438255142e-07,-0.000223472558162475,0.000223780427038986
"age",15.8333333333333,"15:50",1.53622818967548e-07,-0.000223585951651105,0.00022389319728904
"age",15.9166666666667,"15:55",1.52905243604777e-07,-0.000223473587694667,0.000223779398181877
"age",16,"16:00",1.52187668242005e-07,-0.000223361223738229,0.000223665599074713
"age",16.0833333333333,"16:05",1.51392319214302e-07,-0.00022322051822089,0.000223523302859319
"age",16.1666666666667,"16:10",1.50308096573992e-07,-0.000222974544048776,0.000223275160241924
"age",16.25,"16:15",1.49223873933682e-07,-0.000222728569876662,0.000223027017624529
"age",16.3333333333333,"16:20",1.48004883738044e-07,-0.000222487608588831,0.000222783618356307
"age",16.4166666666667,"16:25",1.46602994717315e-07,-0.000222253450501098,0.000222546656490532
"age",16.5,"16:30",1.45201105696586e-07,-0.000222019292413365,0.000222309694624758
"age",16.5833333333333,"16:35",1.43628235004666e-07,-0.00022186575481595,0.000222153011285959
"age",16.6666666666667,"16:40",1.41957660500636e-07,-0.000221758286070145,0.000222042201391146
"age",16.75,"16:45",1.40287085996607e-07,-0.00022165081732434,0.000221931391496334
"age",16.8333333333333,"16:50",1.3843009548006e-07,-0.000221692787120945,0.000221969647311906
"age",16.9166666666667,"16:55",1.36539816389849e-07,-0.000221761442371552,0.000222034522004332
"age",17,"17:00",1.34639190409392e-07,-0.000221838947662753,0.000222108226043571
"age",17.0833333333333,"17:05",1.32578187630118e-07,-0.000222053628583154,0.000222318784958415
"age",17.1666666666667,"17:10",1.30517184850845e-07,-0.000222268309503556,0.000222529343873258
"age",17.25,"17:15",1.2842297949195e-07,-0.000222495237056608,0.000222752083015592
"age",17.3333333333333,"17:20",1.26240233920733e-07,-0.000222754822296725,0.000223007302764567
"age",17.4166666666667,"17:25",1.24057488349515e-07,-0.000223014407536843,0.000223262522513542
"age",17.5,"17:30",1.21839464283837e-07,-0.000223226828151234,0.000223470507079802
"age",17.5833333333333,"17:35",1.19583956817795e-07,-0.000223389136350792,0.000223628304264427
"age",17.6666666666667,"17:40",1.17328449351753e-07,-0.000223551444550349,0.000223786101449052
"age",17.75,"17:45",1.15052728890619e-07,-0.00022356139097046,0.000223791496428241
"age",17.8333333333333,"17:50",1.12768220170749e-07,-0.000223505093138639,0.00022373062957898
"age",17.9166666666667,"17:55",1.1048371145088e-07,-0.000223448795306817,0.000223669762729719
"age",18,"18:00",1.08171315298863e-07,-0.000223239088289245,0.000223455430919842
"age",18.0833333333333,"18:05",1.05856130403631e-07,-0.000223014040353097,0.000223225752613904
"age",18.1666666666667,"18:10",1.03534188468637e-07,-0.000222786116478155,0.000222993184855092
"age",18.25,"18:15",1.01163257995372e-07,-0.000222537342046953,0.000222739668562944
"age",18.3333333333333,"18:20",9.87923275221068e-08,-0.000222288567615751,0.000222486152270796
"age",18.4166666666667,"18:25",9.63943942743343e-08,-0.000222074084938489,0.000222266873727038
"age",18.5,"18:30",9.39424554775466e-08,-0.000221928185769105,0.00022211607068006
"age",18.5833333333333,"18:35",9.1490516680759e-08,-0.000221782286599721,0.000221965267633082
"age",18.6666666666667,"18:40",8.89806118463286e-08,-0.000221729620347415,0.000221907581571107
"age",18.75,"18:45",8.64224019805289e-08,-0.000221754648192674,0.000221927492996635
"age",18.8333333333333,"18:50",8.38641921147293e-08,-0.000221779676037934,0.000221947404422163
"age",18.9166666666667,"18:55",8.12063354197618e-08,-0.000221926579473624,0.000222088992144464
"age",19,"19:00",7.85165917394605e-08,-0.000222112483098253,0.000222269516281732
"age",19.0833333333333,"19:05",7.58268480591594e-08,-0.000222298386722882,0.000222450040419
"age",19.1666666666667,"19:10",7.29850592297759e-08,-0.00022255756774403,0.000222703537862489
"age",19.25,"19:15",7.01385189894835e-08,-0.000222819038683819,0.000222959315721798
"age",19.3333333333333,"19:20",6.72588770572857e-08,-0.000223069573551158,0.000223204091305273
"age",19.4166666666667,"19:25",6.42302775115129e-08,-0.000223270896092472,0.000223399356647495
"age",19.5,"19:30",6.12016779657399e-08,-0.000223472218633786,0.000223594621989717
"age",19.5833333333333,"19:35",5.80921088763508e-08,-0.000223595506323503,0.000223711690541256
"age",19.6666666666667,"19:40",5.48579712583214e-08,-0.00022359874039538,0.000223708456337897
"age",19.75,"19:45",5.16238336402918e-08,-0.000223601974467257,0.000223705222134538
"age",19.8333333333333,"19:50",4.82757655200683e-08,-0.000223485144281829,0.000223581695812869
"age",19.9166666666667,"19:55",4.48536425734187e-08,-0.000223290272329152,0.000223379979614299
"age",20,"20:00",4.1431519626769e-08,-0.000223095400376476,0.000223178263415729
"age",20.0833333333333,"20:05",3.79035230736517e-08,-0.00022285127300837,0.000222927080054517
"age",20.1666666666667,"20:10",3.43519990524305e-08,-0.000222596199992391,0.000222664903990496
"age",20.25,"20:15",3.07983831269119e-08,-0.000222343414235249,0.000222405011001503
"age",20.3333333333333,"20:20",2.71778262638814e-08,-0.000222163820760877,0.000222218176413405
"age",20.4166666666667,"20:25",2.35572694008509e-08,-0.000221984227286504,0.000222031341825306
"age",20.5,"20:30",1.9934612026536e-08,-0.000221843604211639,0.000221883473435692
"age",20.5833333333333,"20:35",1.63053905544584e-08,-0.000221824763635234,0.000221857374416343
"age",20.6666666666667,"20:40",1.26761690823808e-08,-0.000221805923058829,0.000221831275396994
"age",20.75,"20:45",9.07044925744621e-09,-0.000221864704766896,0.000221882845665411
"age",20.8333333333333,"20:50",5.49293140908368e-09,-0.000222016633216329,0.000222027619079147
"age",20.9166666666667,"20:55",1.91541356072116e-09,-0.000222168561665763,0.000222172392492884
"age",21,"21:00",-1.58738971665662e-09,-0.000222388944892151,0.000222385770112718
"age",21.0833333333333,"21:05",-5.05283570854181e-09,-0.000222643555507016,0.000222633449835599
"age",21.1666666666667,"21:10",-8.51828170042701e-09,-0.000222898166121882,0.000222881129558481
"age",21.25,"21:15",-1.18321894320715e-08,-0.000223131725636971,0.000223108061258107
"age",21.3333333333333,"21:20",-1.51251953347171e-08,-0.000223362381552091,0.000223332131161422
"age",21.4166666666667,"21:25",-1.83970702006738e-08,-0.000223577672626795,0.000223540878486393
"age",21.5,"21:30",-2.14576346997402e-08,-0.000223639315297335,0.000223596400027935
"age",21.5833333333333,"21:35",-2.45181991988066e-08,-0.000223700957967875,0.000223651921569477
"age",21.6666666666667,"21:40",-2.75035983679341e-08,-0.000223696272426492,0.000223641265229756
"age",21.75,"21:45",-3.03161172782024e-08,-0.000223539031997684,0.000223478399763128
"age",21.8333333333333,"21:50",-3.31286361884706e-08,-0.000223381791568877,0.0002233155342965
"age",21.9166666666667,"21:55",-3.58497548847858e-08,-0.000223174309838215,0.000223102610328445
"age",22,"22:00",-3.84848498503216e-08,-0.000222919542176394,0.000222842572476694
"age",22.0833333333333,"22:05",-4.11199448158573e-08,-0.000222664774514574,0.000222582534624942
"age",22.1666666666667,"22:10",-4.36845703244769e-08,-0.000222442505539721,0.000222355136399072
"age",22.25,"22:15",-4.6222769786753e-08,-0.000222232423572482,0.000222139978032908
"age",22.3333333333333,"22:20",-4.8760969249029e-08,-0.000222022341605242,0.000221924819666744
"age",22.4166666666667,"22:25",-5.12837935926567e-08,-0.000221949259548653,0.000221846691961467
"age",22.5,"22:30",-5.38056259931458e-08,-0.000221885016195977,0.00022177740494399
"age",22.5833333333333,"22:35",-5.63371798147994e-08,-0.000221847434738895,0.000221734760379266
"age",22.6666666666667,"22:40",-5.89231735949742e-08,-0.000221959159897143,0.000221841313549953
"age",22.75,"22:45",-6.15091673751492e-08,-0.000222070885055392,0.000221947866720641
"age",22.8333333333333,"22:50",-6.41477756357454e-08,-0.000222228634003912,0.00022210033845264
"age",22.9166666666667,"22:55",-6.68784592370788e-08,-0.000222466924585407,0.000222333167666933
"age",23,"23:00",-6.96091428384124e-08,-0.000222705215166903,0.000222565996881227
"age",23.0833333333333,"23:05",-7.24694975606548e-08,-0.000222950255773619,0.000222805316778497
"age",23.1666666666667,"23:10",-7.54253994246196e-08,-0.000223200270083127,0.000223049419284278
"age",23.25,"23:15",-7.83813012885845e-08,-0.000223450284392636,0.000223293521790059
"age",23.3333333333333,"23:20",-8.15780944951768e-08,-0.000223594982145609,0.000223431825956619
"age",23.4166666666667,"23:25",-8.48397430632457e-08,-0.000223711325441054,0.000223541645954928
"age",23.5,"23:30",-8.81013916313147e-08,-0.000223827668736499,0.000223651465953237
"age",23.5833333333333,"23:35",-8.81013916313147e-08,-0.000223827668736499,0.000223651465953237
"age",23.6666666666667,"23:40",-8.81013916313147e-08,-0.000223827668736499,0.000223651465953237
"age",23.75,"23:45",-8.81013916313147e-08,-0.000223827668736499,0.000223651465953237
"age",23.8333333333333,"23:50",-8.81013916313147e-08,-0.000223827668736499,0.000223651465953237
"age",23.9166666666667,"23:55",-8.81013916313147e-08,-0.000223827668736499,0.000223651465953237
"age",24,"24:00",-8.81013916313147e-08,-0.000223827668736499,0.000223651465953237
"male",0,"00:00",198.354754982979,140.651928717739,256.05758124822
"male",0.0833333333333333,"00:05",198.354754982979,140.651928717739,256.05758124822
"male",0.166666666666667,"00:10",198.354754982979,140.651928717739,256.05758124822
"male",0.25,"00:15",198.354754982979,140.651928717739,256.05758124822
"male",0.333333333333333,"00:20",198.354754982979,140.651928717739,256.05758124822
"male",0.416666666666667,"00:25",198.354754982979,140.651928717739,256.05758124822
"male",0.5,"00:30",198.354754982979,140.651928717739,256.05758124822
"male",0.583333333333333,"00:35",198.3547474056,140.651921188937,256.057573622263
"male",0.666666666666667,"00:40",198.354739828221,140.651913660136,256.057565996306
"male",0.75,"00:45",198.354732256324,140.651906147833,256.057558364814
"male",0.833333333333333,"00:50",198.354724704787,140.65189869681,256.057550712764
"male",0.916666666666667,"00:55",198.35471715325,140.651891245787,256.057543060713
"male",1,"01:00",198.35470968404,140.651883873471,256.057535494609
"male",1.08333333333333,"01:05",198.354702326558,140.651876607972,256.057528045144
"male",1.16666666666667,"01:10",198.354694969077,140.651869342473,256.05752059568
"male",1.25,"01:15",198.354687842129,140.651862272098,256.05751341216
"male",1.33333333333333,"01:20",198.354680846915,140.651855313221,256.057506380609
"male",1.41666666666667,"01:25",198.354673851702,140.651848354345,256.057499349059
"male",1.5,"01:30",198.354667306593,140.651841781618,256.057492831567
"male",1.58333333333333,"01:35",198.35466084186,140.651835277847,256.057486405872
"male",1.66666666666667,"01:40",198.354654419471,140.651828812644,256.057480026299
"male",1.75,"01:45",198.354648653432,140.651822945246,256.057474361617
"male",1.83333333333333,"01:50",198.354642887392,140.651817077849,256.057468696935
"male",1.91666666666667,"01:55",198.354637357781,140.651811441501,256.057463274061
"male",2,"02:00",198.354632458647,140.651806421289,256.057458496005
"male",2.08333333333333,"02:05",198.354627559513,140.651801401077,256.05745371795
"male",2.16666666666667,"02:10",198.354623162255,140.651796902401,256.05744942211
"male",2.25,"02:15",198.35461929824,140.651792957857,256.057445638624
"male",2.33333333333333,"02:20",198.354615434226,140.651789013312,256.057441855139
"male",2.41666666666667,"02:25",198.354612394945,140.651785957887,256.057438832003
"male",2.5,"02:30",198.354609714245,140.651783289035,256.057436139455
"male",2.58333333333333,"02:35",198.354607033545,140.651780620184,256.057433446907
"male",2.66666666666667,"02:40",198.354605404931,140.65177906837,256.057431741493
"male",2.75,"02:45",198.354603881526,140.65177762826,256.057430134792
"male",2.83333333333333,"02:50",198.354602484371,140.651776315645,256.057428653097
"male",2.91666666666667,"02:55",198.354602002536,140.651775927376,256.057428077697
"male",3,"03:00",198.354601520702,140.651775539107,256.057427502296
"male",3.08333333333333,"03:05",198.354601347235,140.651775444997,256.057427249473
"male",3.16666666666667,"03:10",198.354601790506,140.651775939207,256.057427641804
"male",3.25,"03:15",198.354602233777,140.651776433417,256.057428034136
"male",3.33333333333333,"03:20",198.354603118124,140.651777330067,256.057428906181
"male",3.41666666666667,"03:25",198.354604370035,140.651778562082,256.057430177987
"male",3.5,"03:30",198.354605621946,140.651779794098,256.057431449794
"male",3.58333333333333,"03:35",198.354607398232,140.651781499882,256.057433296582
"male",3.66666666666667,"03:40",198.354609342318,140.651783357273,256.057435327364
"male",3.75,"03:45",198.354611286405,140.651785214663,256.057437358146
"male",3.83333333333333,"03:50",198.354613788755,140.651787599675,256.057439977835
"male",3.91666666666667,"03:55",198.354616308552,140.651790001175,256.057442615928
"male",4,"04:00",198.354618911847,140.651792490729,256.057445332966
"male",4.08333333333333,"04:05",198.354621890888,140.651795376521,256.057448405256
"male",4.16666666666667,"04:10",198.35462486993,140.651798262313,256.057451477546
"male",4.25,"04:15",198.354627984961,140.651801316842,256.057454653079
"male",4.33333333333333,"04:20",198.354631309206,140.651804630966,256.057457987445
"male",4.41666666666667,"04:25",198.354634633451,140.65180794509,256.057461321812
"male",4.5,"04:30",198.354638131585,140.651811483462,256.057464779707
"male",4.58333333333333,"04:35",198.354641742746,140.651815167595,256.057468317897
"male",4.66666666666667,"04:40",198.354645353907,140.651818851728,256.057471856086
"male",4.75,"04:45",198.354649197744,140.651822788944,256.057475606543
"male",4.83333333333333,"04:50",198.354653093286,140.651826782402,256.057479404171
"male",4.91666666666667,"04:55",198.354656997443,140.651830783511,256.057483211376
"male",5,"05:00",198.354661177256,140.651835029465,256.057487325048
"male",5.08333333333333,"05:05",198.35466535707,140.651839275419,256.05749143872
"male",5.16666666666667,"05:10",198.35466960577,140.651843574007,256.057495637533
"male",5.25,"05:15",198.354674069744,140.651848037078,256.057500102409
"male",5.33333333333333,"05:20",198.354678533717,140.651852500149,256.057504567284
"male",5.41666666666667,"05:25",198.354683126804,140.651857059994,256.057509193613
"male",5.5,"05:30",198.354687874827,140.651861735967,256.057514013686
"male",5.58333333333333,"05:35",198.35469262285,140.65186641194,256.057518833759
"male",5.66666666666667,"05:40",198.354697560165,140.651871248534,256.057523871796
"male",5.75,"05:45",198.354702592127,140.651876165438,256.057529018816
"male",5.83333333333333,"05:50",198.354707624089,140.651881082342,256.057534165835
"male",5.91666666666667,"05:55",198.354712905475,140.6518862573,256.057539553651
"male",6,"06:00",198.354718221266,140.651891467851,256.05754497468
"male",6.08333333333333,"06:05",198.354723562846,140.651896710641,256.057550415051
"male",6.16666666666667,"06:10",198.354729162326,140.65190227581,256.057556048841
"male",6.25,"06:15",198.354734761806,140.65190784098,256.057561682632
"male",6.33333333333333,"06:20",198.354740446189,140.65191351894,256.057567373438
"male",6.41666666666667,"06:25",198.35474632585,140.651919456319,256.057573195381
"male",6.5,"06:30",198.354752205511,140.651925393698,256.057579017324
"male",6.58333333333333,"06:35",198.354758224328,140.651931491267,256.057584957389
"male",6.66666666666667,"06:40",198.354764374115,140.651937739603,256.057591008627
"male",6.75,"06:45",198.354770523902,140.651943987939,256.057597059866
"male",6.83333333333333,"06:50",198.354776862285,140.651950411231,256.05760331334
"male",6.91666666666667,"06:55",198.354783271392,140.651956900131,256.057609642653
"male",7,"07:00",198.354789680498,140.651963389032,256.057615971965
"male",7.08333333333333,"07:05",198.354796323056,140.651970054389,256.057622591723
"male",7.16666666666667,"07:10",198.354802980675,140.651976731131,256.057629230219
"male",7.25,"07:15",198.35480967431,140.651983432822,256.057635915799
"male",7.33333333333333,"07:20",198.354816569635,140.651990274228,256.057642865043
"male",7.41666666666667,"07:25",198.35482346496,140.651997115633,256.057649814287
"male",7.5,"07:30",198.354830442794,140.65200402041,256.057656865177
"male",7.58333333333333,"07:35",198.354837565017,140.652011036085,256.057664093949
"male",7.66666666666667,"07:40",198.354844687241,140.652018051761,256.057671322721
"male",7.75,"07:45",198.354851933881,140.652025189072,256.057678678691
"male",7.83333333333333,"07:50",198.354859272197,140.652032416009,256.057686128385
"male",7.91666666666667,"07:55",198.354866610513,140.652039642946,256.057693578079
"male",8,"08:00",198.354874110568,140.652047075997,256.05770114514
"male",8.08333333333333,"08:05",198.354881654169,140.652054564539,256.0577087438
"male",8.16666666666667,"08:10",198.35488919777,140.652062053081,256.057716342459
"male",8.25,"08:15",198.354896926626,140.652069822151,256.057724031102
"male",8.33333333333333,"08:20",198.354904655482,140.65207759122,256.057731719744
"male",8.41666666666667,"08:25",198.35491241156,140.652085399462,256.057739423658
"male",8.5,"08:30",198.354920268747,140.652093353201,256.057747184293
"male",8.58333333333333,"08:35",198.354928125934,140.652101306939,256.057754944929
"male",8.66666666666667,"08:40",198.354936009502,140.652109285025,256.057762733979
"male",8.75,"08:45",198.354943928874,140.652117296154,256.057770561593
"male",8.83333333333333,"08:50",198.354951848245,140.652125307283,256.057778389207
"male",8.91666666666667,"08:55",198.354959765095,140.652133282434,256.057786247755
"male",9,"09:00",198.354967680503,140.652141237026,256.05779412398
"male",9.08333333333333,"09:05",198.354975595911,140.652149191617,256.057802000206
"male",9.16666666666667,"09:10",198.354983451833,140.652157024808,256.057809878857
"male",9.25,"09:15",198.354991297131,140.65216483632,256.057817757942
"male",9.33333333333333,"09:20",198.354999134171,140.652172635902,256.05782563244
"male",9.41666666666667,"09:25",198.355006843213,140.652180250577,256.057833435848
"male",9.5,"09:30",198.355014552254,140.652187865252,256.057841239256
"male",9.58333333333333,"09:35",198.355022206094,140.65219541964,256.057848992548
"male",9.66666666666667,"09:40",198.355029712731,140.652202813264,256.057856612198
"male",9.75,"09:45",198.355037219368,140.652210206889,256.057864231848
"male",9.83333333333333,"09:50",198.355044595799,140.652217490165,256.057871701432
"male",9.91666666666667,"09:55",198.355051833884,140.652224656196,256.057879011573
"male",10,"10:00",198.35505907197,140.652231822227,256.057886321713
"male",10.0833333333333,"10:05",198.355066085473,140.652238827918,256.057893343027
"male",10.1666666666667,"10:10",198.35507300133,140.652245763897,256.057900238764
"male",10.25,"10:15",198.355079917188,140.652252699876,256.0579071345
"male",10.3333333333333,"10:20",198.355086589986,140.652259457441,256.057913722531
"male",10.4166666666667,"10:25",198.355093238478,140.652266197165,256.057920279791
"male",10.5,"10:30",198.355099867986,140.652272919122,256.05792681685
"male",10.5833333333333,"10:35",198.35510635986,140.652279512273,256.057933207448
"male",10.6666666666667,"10:40",198.355112851735,140.652286105424,256.057939598045
"male",10.75,"10:45",198.355119328473,140.652292669194,256.057945987753
"male",10.8333333333333,"10:50",198.35512577494,140.652299174199,256.057952375682
"male",10.9166666666667,"10:55",198.355132221407,140.652305679205,256.05795876361
"male",11,"11:00",198.355138703766,140.652312181466,256.057965226067
"male",11.0833333333333,"11:05",198.355145216036,140.65231868144,256.057971750632
"male",11.1666666666667,"11:10",198.355151728305,140.652325181413,256.057978275197
"male",11.25,"11:15",198.355158374675,140.652331764968,256.057984984382
"male",11.3333333333333,"11:20",198.355165063957,140.652338375268,256.057991752646
"male",11.4166666666667,"11:25",198.355171753239,140.652344985569,256.05799852091
"male",11.5,"11:30",198.35517872201,140.652351844935,256.058005599085
"male",11.5833333333333,"11:35",198.355185699515,140.652358712085,256.058012686945
"male",11.6666666666667,"11:40",198.355192749644,140.652365656475,256.058019842813
"male",11.75,"11:45",198.355200126581,140.652372948444,256.058027304718
"male",11.8333333333333,"11:50",198.355207503519,140.652380240414,256.058034766623
"male",11.9166666666667,"11:55",198.355215078829,140.652387763681,256.058042393977
"male",12,"12:00",198.355222959329,140.65239564279,256.058050275867
"male",12.0833333333333,"12:05",198.355230839828,140.6524035219,256.058058157756
"male",12.1666666666667,"12:10",198.355238989922,140.652411721256,256.058066258589
"male",12.25,"12:15",198.355247315254,140.652420128774,256.058074501734
"male",12.3333333333333,"12:20",198.355255640585,140.652428536291,256.058082744879
"male",12.4166666666667,"12:25",198.355264148569,140.65243714723,256.058091149907
"male",12.5,"12:30",198.355272697142,140.652445803374,256.058099590911
"male",12.5833333333333,"12:35",198.355281245551,140.652454458402,256.0581080327
"male",12.6666666666667,"12:40",198.355289788696,140.652463077739,256.058116499654
"male",12.75,"12:45",198.355298331842,140.652471697075,256.058124966608
"male",12.8333333333333,"12:50",198.355306818236,140.652480243492,256.058133392979
"male",12.9166666666667,"12:55",198.355315127282,140.652488562036,256.058141692528
"male",13,"13:00",198.355323436329,140.65249688058,256.058149992077
"male",13.0833333333333,"13:05",198.355331535026,140.652504956573,256.058158113479
"male",13.1666666666667,"13:10",198.355339381303,140.652512741504,256.058166021103
"male",13.25,"13:15",198.355347227581,140.652520526434,256.058173928727
"male",13.3333333333333,"13:20",198.355354612899,140.652527821905,256.058181403892
"male",13.4166666666667,"13:25",198.355361767737,140.652534872646,256.058188662827
"male",13.5,"13:30",198.355368922575,140.652541923387,256.058195921762
"male",13.5833333333333,"13:35",198.355375268831,140.652548174361,256.058202363301
"male",13.6666666666667,"13:40",198.355381503559,140.652554315022,256.058208692096
"male",13.75,"13:45",198.35538763392,140.65256035778,256.05821491006
"male",13.8333333333333,"13:50",198.355392720607,140.652565421495,256.05822001972
"male",13.9166666666667,"13:55",198.355397807295,140.65257048521,256.05822512938
"male",14,"14:00",198.355402504151,140.652575187021,256.058229821281
"male",14.0833333333333,"14:05",198.355406304396,140.652579056454,256.058233552338
"male",14.1666666666667,"14:10",198.35541010464,140.652582925886,256.058237283395
"male",14.25,"14:15",198.355413260446,140.652586171975,256.058240348917
"male",14.3333333333333,"14:20",198.355415809722,140.652588831389,256.058242788055
"male",14.4166666666667,"14:25",198.355418358997,140.652591490802,256.058245227192
"male",14.5,"14:30",198.355420038805,140.652593267188,256.058246810423
"male",14.5833333333333,"14:35",198.355421392563,140.652594712438,256.058248072688
"male",14.6666666666667,"14:40",198.355422746321,140.652596157689,256.058249334953
"male",14.75,"14:45",198.355423029107,140.652596475067,256.058249583146
"male",14.8333333333333,"14:50",198.355423242798,140.65259671968,256.058249765916
"male",14.9166666666667,"14:55",198.355423292154,140.652596788904,256.058249795403
"male",15,"15:00",198.35542242123,140.65259587595,256.05824896651
"male",15.0833333333333,"15:05",198.355421550306,140.652594962996,256.058248137616
"male",15.1666666666667,"15:10",198.355420305141,140.652593656692,256.05824695359
"male",15.25,"15:15",198.355418405053,140.652591662025,256.058245148081
"male",15.3333333333333,"15:20",198.355416504965,140.652589667359,256.058243342571
"male",15.4166666666667,"15:25",198.355414044255,140.65258710933,256.05824097918
"male",15.5,"15:30",198.355411170455,140.652584136192,256.058238204718
"male",15.5833333333333,"15:35",198.355408296655,140.652581163053,256.058235430256
"male",15.6666666666667,"15:40",198.355404699376,140.652577510858,256.058231887894
"male",15.75,"15:45",198.355400907314,140.652573675839,256.058228138789
"male",15.8333333333333,"15:50",198.355397115253,140.652569840821,256.058224389684
"male",15.9166666666667,"15:55",198.355392478423,140.65256525636,256.058219700486
"male",16,"16:00",198.355387841593,140.652560671899,256.058215011287
"male",16.0833333333333,"16:05",198.355383056467,140.652555951104,256.05821016183
"male",16.1666666666667,"16:10",198.355377720528,140.652550723928,256.058204717128
"male",16.25,"16:15",198.355372384589,140.652545496751,256.058199272427
"male",16.3333333333333,"16:20",198.355366821507,140.652540040422,256.058193602591
"male",16.4166666666667,"16:25",198.355360950159,140.652534273103,256.058187627215
"male",16.5,"16:30",198.355355078811,140.652528505783,256.058181651839
"male",16.5833333333333,"16:35",198.355348970922,140.652522468505,256.058175473338
"male",16.6666666666667,"16:40",198.355342727866,140.652516276966,256.058169178766
"male",16.75,"16:45",198.355336484811,140.652510085428,256.058162884194
"male",16.8333333333333,"16:50",198.355330065264,140.652503655541,256.058156474987
"male",16.9166666666667,"16:55",198.355323614201,140.652497183093,256.05815004531
"male",17,"17:00",198.355317160453,140.652490704292,256.058143616614
"male",17.0833333333333,"17:05",198.355310665084,140.652484127028,256.058137203139
"male",17.1666666666667,"17:10",198.355304169714,140.652477549765,256.058130789664
"male",17.25,"17:15",198.355297706907,140.652470999998,256.058124413816
"male",17.3333333333333,"17:20",198.355291330932,140.652464523558,256.058118138306
"male",17.4166666666667,"17:25",198.355284954957,140.652458047118,256.058111862796
"male",17.5,"17:30",198.35527871624,140.652451727832,256.058105704647
"male",17.5833333333333,"17:35",198.355272623359,140.652445575524,256.058099671195
"male",17.6666666666667,"17:40",198.355266530479,140.652439423215,256.058093637743
"male",17.75,"17:45",198.355260733305,140.652433630913,256.058087835698
"male",17.8333333333333,"17:50",198.3552550647,140.652427995136,256.058082134264
"male",17.9166666666667,"17:55",198.355249396094,140.652422359358,256.058076432831
"male",18,"18:00",198.355244063345,140.652417124137,256.058071002553
"male",18.0833333333333,"18:05",198.355238764181,140.652411928971,256.058065599391
"male",18.1666666666667,"18:10",198.355233490918,140.652406760927,256.058060220909
"male",18.25,"18:15",198.355228405436,140.652401789515,256.058055021358
"male",18.3333333333333,"18:20",198.355223319955,140.652396818102,256.058049821807
"male",18.4166666666667,"18:25",198.355218253503,140.652391851471,256.058044655534
"male",18.5,"18:30",198.35521322511,140.652386894403,256.058039555817
"male",18.5833333333333,"18:35",198.355208196717,140.652381937334,256.0580344561
"male",18.6666666666667,"18:40",198.35520311405,140.652376887332,256.058029340767
"male",18.75,"18:45",198.355197986153,140.652371759885,256.05802421242
"male",18.8333333333333,"18:50",198.355192858255,140.652366632438,256.058019084073
"male",18.9166666666667,"18:55",198.355187536345,140.652361260402,256.058013812287
"male",19,"19:00",198.35518215235,140.652355810098,256.058008494602
"male",19.0833333333333,"19:05",198.355176768355,140.652350359794,256.058003176916
"male",19.1666666666667,"19:10",198.355170984175,140.652344478779,256.057997489571
"male",19.25,"19:15",198.355165187489,140.652338584304,256.057991790674
"male",19.3333333333333,"19:20",198.355159287297,140.652332590913,256.05798598368
"male",19.4166666666667,"19:25",198.355152921326,140.652326152402,256.05797969025
"male",19.5,"19:30",198.355146555355,140.652319713891,256.05797339682
"male",19.5833333333333,"19:35",198.355139905935,140.652313024787,256.057966787083
"male",19.6666666666667,"19:40",198.355132820437,140.652305950157,256.057959690717
"male",19.75,"19:45",198.35512573494,140.652298875528,256.057952594351
"male",19.8333333333333,"19:50",198.355118210836,140.652291412876,256.057945008796
"male",19.9166666666667,"19:55",198.355110401637,140.652283698009,256.057937105266
"male",20,"20:00",198.355102592439,140.652275983142,256.057929201736
"male",20.0833333333333,"20:05",198.355094307219,140.652267813045,256.057920801393
"male",20.1666666666667,"20:10",198.355085916216,140.652259541786,256.057912290646
"male",20.25,"20:15",198.355077512075,140.652251256443,256.057903767707
"male",20.3333333333333,"20:20",198.355068687514,140.65224252042,256.057894854609
"male",20.4166666666667,"20:25",198.355059862954,140.652233784397,256.05788594151
"male",20.5,"20:30",198.355050969226,140.652224963116,256.057876975336
"male",20.5833333333333,"20:35",198.355041859354,140.652215875406,256.057867843301
"male",20.6666666666667,"20:40",198.355032749481,140.652206787695,256.057858711267
"male",20.75,"20:45",198.355023577306,140.652197605691,256.057849548922
"male",20.8333333333333,"20:50",198.355014330369,140.652188310533,256.057840350204
"male",20.9166666666667,"20:55",198.355005083431,140.652179015376,256.057831151486
"male",21,"21:00",198.354995843948,140.652169699578,256.057821988317
"male",21.0833333333333,"21:05",198.354986608192,140.65216037346,256.057812842923
"male",21.1666666666667,"21:10",198.354977372436,140.652151047342,256.057803697529
"male",21.25,"21:15",198.354968276783,140.652141870803,256.057794682763
"male",21.3333333333333,"21:20",198.354959200455,140.652132714896,256.057785686014
"male",21.4166666666667,"21:25",198.354950152046,140.652123593453,256.05777671064
"male",21.5,"21:30",198.35494138283,140.652114816646,256.057767949013
"male",21.5833333333333,"21:35",198.354932613613,140.65210603984,256.057759187387
"male",21.6666666666667,"21:40",198.354923961562,140.652097408356,256.057750514768
"male",21.75,"21:45",198.354915578992,140.652089111114,256.057742046869
"male",21.8333333333333,"21:50",198.354907196421,140.652080813872,256.05773357897
"male",21.9166666666667,"21:55",198.354898985821,140.652072709735,256.057725261906
"male",22,"22:00",198.354890937075,140.652064787346,256.057717086804
"male",22.0833333333333,"22:05",198.354882888329,140.652056864957,256.057708911701
"male",22.1666666666667,"22:10",198.35487503289,140.652049121831,256.057700943949
"male",22.25,"22:15",198.354867249941,140.652041445929,256.057693053953
"male",22.3333333333333,"22:20",198.354859466992,140.652033770027,256.057685163957
"male",22.4166666666667,"22:25",198.354851869826,140.652026221686,256.057677517966
"male",22.5,"22:30",198.354844284646,140.652018681575,256.057669887717
"male",22.5833333333333,"22:35",198.354836719124,140.652011149743,256.057662288505
"male",22.6666666666667,"22:40",198.354829263685,140.652003664272,256.057654863099
"male",22.75,"22:45",198.354821808246,140.651996178801,256.057647437692
"male",22.8333333333333,"22:50",198.354814375249,140.651988695611,256.057640054887
"male",22.9166666666667,"22:55",198.354806981523,140.651981216412,256.057632746635
"male",23,"23:00",198.354799587798,140.651973737214,256.057625438382
"male",23.0833333333333,"23:05",198.354792190437,140.651966249548,256.057618131326
"male",23.1666666666667,"23:10",198.354784790397,140.651958755641,256.057610825153
"male",23.25,"23:15",198.354777390357,140.651951261735,256.057603518979
"male",23.3333333333333,"23:20",198.354769931744,140.651943750228,256.05759611326
"male",23.4166666666667,"23:25",198.354762457362,140.651936233983,256.05758868074
"male",23.5,"23:30",198.354754982979,140.651928717739,256.05758124822
"male",23.5833333333333,"23:35",198.354754982979,140.651928717739,256.05758124822
"male",23.6666666666667,"23:40",198.354754982979,140.651928717739,256.05758124822
"male",23.75,"23:45",198.354754982979,140.651928717739,256.05758124822
"male",23.8333333333333,"23:50",198.354754982979,140.651928717739,256.05758124822
"male",23.9166666666667,"23:55",198.354754982979,140.651928717739,256.05758124822
"male",24,"24:00",198.354754982979,140.651928717739,256.05758124822
"education",0,"00:00",-22.2027166144756,-47.7511193330914,3.34568610414027
"education",0.0833333333333333,"00:05",-22.2027166144756,-47.7511193330914,3.34568610414027
"education",0.166666666666667,"00:10",-22.2027166144756,-47.7511193330914,3.34568610414027
"education",0.25,"00:15",-22.2027166144756,-47.7511193330914,3.34568610414027
"education",0.333333333333333,"00:20",-22.2027166144756,-47.7511193330914,3.34568610414027
"education",0.416666666666667,"00:25",-22.2027166144756,-47.7511193330914,3.34568610414027
"education",0.5,"00:30",-22.2027166144756,-47.7511193330914,3.34568610414027
"education",0.583333333333333,"00:35",-22.2027166281737,-47.7511193464303,3.34568609008291
"education",0.666666666666667,"00:40",-22.2027166418719,-47.7511193597693,3.34568607602555
"education",0.75,"00:45",-22.2027166562506,-47.7511193737011,3.34568606119995
"education",0.833333333333333,"00:50",-22.2027166731571,-47.7511193898351,3.34568604352089
"education",0.916666666666667,"00:55",-22.2027166900636,-47.7511194059691,3.34568602584183
"education",1,"01:00",-22.2027167074674,-47.7511194226284,3.34568600769353
"education",1.08333333333333,"01:05",-22.202716725546,-47.7511194400005,3.34568598890841
"education",1.16666666666667,"01:10",-22.2027167436246,-47.7511194573726,3.34568597012329
"education",1.25,"01:15",-22.2027167611533,-47.7511194744743,3.34568595216783
"education",1.33333333333333,"01:20",-22.2027167783676,-47.7511194914216,3.34568593468645
"education",1.41666666666667,"01:25",-22.2027167955819,-47.7511195083689,3.34568591720506
"education",1.5,"01:30",-22.2027168103351,-47.7511195233605,3.34568590269027
"education",1.58333333333333,"01:35",-22.2027168246488,-47.7511195380029,3.34568588870522
"education",1.66666666666667,"01:40",-22.2027168386634,-47.7511195523759,3.3456858750492
"education",1.75,"01:45",-22.2027168480401,-47.7511195625734,3.34568586649309
"education",1.83333333333333,"01:50",-22.2027168574169,-47.7511195727708,3.34568585793698
"education",1.91666666666667,"01:55",-22.2027168648919,-47.7511195811085,3.34568585132466
"education",2,"02:00",-22.2027168672954,-47.7511195844866,3.3456858498958
"education",2.08333333333333,"02:05",-22.2027168696989,-47.7511195878647,3.34568584846693
"education",2.16666666666667,"02:10",-22.2027168677341,-47.7511195867173,3.34568585124918
"education",2.25,"02:15",-22.202716861128,-47.7511195807617,3.34568585850573
"education",2.33333333333333,"02:20",-22.2027168545218,-47.751119574806,3.34568586576228
"education",2.41666666666667,"02:25",-22.2027168403603,-47.7511195607823,3.34568588006171
"education",2.5,"02:30",-22.2027168229138,-47.7511195432508,3.34568589742326
"education",2.58333333333333,"02:35",-22.2027168054673,-47.7511195257193,3.3456859147848
"education",2.66666666666667,"02:40",-22.2027167781281,-47.7511194977776,3.34568594152139
"education",2.75,"02:45",-22.2027167497997,-47.7511194687949,3.34568596919548
"education",2.83333333333333,"02:50",-22.2027167202589,-47.7511194385897,3.34568599807176
"education",2.91666666666667,"02:55",-22.2027166819284,-47.7511193995208,3.34568603566398
"education",3,"03:00",-22.2027166435979,-47.751119360452,3.34568607325619
"education",3.08333333333333,"03:05",-22.2027166022292,-47.7511193184569,3.34568611399853
"education",3.16666666666667,"03:10",-22.2027165547839,-47.751119270609,3.34568616104116
"education",3.25,"03:15",-22.2027165073387,-47.7511192227611,3.34568620808378
"education",3.33333333333333,"03:20",-22.2027164554058,-47.7511191707308,3.34568625991928
"education",3.41666666666667,"03:25",-22.2027163997332,-47.7511191152152,3.34568631574883
"education",3.5,"03:30",-22.2027163440606,-47.7511190596996,3.34568637157838
"education",3.58333333333333,"03:35",-22.2027162828275,-47.7511189990232,3.34568643336832
"education",3.66666666666667,"03:40",-22.2027162198149,-47.7511189366954,3.3456864970656
"education",3.75,"03:45",-22.2027161568024,-47.7511188743676,3.34568656076287
"education",3.83333333333333,"03:50",-22.2027160875328,-47.7511188060241,3.34568663095846
"education",3.91666666666667,"03:55",-22.2027160180677,-47.7511187374925,3.34568670135712
"education",4,"04:00",-22.2027159475908,-47.7511186679127,3.34568677273122
"education",4.08333333333333,"04:05",-22.2027158725605,-47.7511185936158,3.34568684849482
"education",4.16666666666667,"04:10",-22.2027157975302,-47.7511185193188,3.34568692425842
"education",4.25,"04:15",-22.2027157206665,-47.7511184429282,3.34568700159516
"education",4.33333333333333,"04:20",-22.2027156409823,-47.7511183633166,3.3456870813521
"education",4.41666666666667,"04:25",-22.202715561298,-47.751118283705,3.34568716110905
"education",4.5,"04:30",-22.2027154796771,-47.7511182017567,3.34568724240245
"education",4.58333333333333,"04:35",-22.2027153967974,-47.7511181182894,3.34568732469455
"education",4.66666666666667,"04:40",-22.2027153139178,-47.7511180348222,3.34568740698665
"education",4.75,"04:45",-22.2027152300649,-47.7511179502189,3.34568749008907
"education",4.83333333333333,"04:50",-22.2027151459958,-47.7511178653632,3.34568757337155
"education",4.91666666666667,"04:55",-22.2027150619522,-47.7511177805405,3.34568765663617
"education",5,"05:00",-22.2027149787234,-47.7511176967759,3.34568773932911
"education",5.08333333333333,"05:05",-22.2027148954947,-47.7511176130114,3.34568782202204
"education",5.16666666666667,"05:10",-22.2027148129617,-47.7511175300712,3.34568790414781
"education",5.25,"05:15",-22.2027147326031,-47.7511174497073,3.34568798450117
"education",5.33333333333333,"05:20",-22.2027146522444,-47.7511173693434,3.34568806485453
"education",5.41666666666667,"05:25",-22.202714574113,-47.7511172914627,3.34568814323663
"education",5.5,"05:30",-22.2027144986543,-47.7511172165618,3.34568821925324
"education",5.58333333333333,"05:35",-22.2027144231956,-47.751117141661,3.34568829526984
"education",5.66666666666667,"05:40",-22.2027143523566,-47.7511170716066,3.34568836689335
"education",5.75,"05:45",-22.2027142838276,-47.7511170039755,3.34568843632032
"education",5.83333333333333,"05:50",-22.2027142152985,-47.7511169363444,3.34568850574729
"education",5.91666666666667,"05:55",-22.202714154643,-47.7511168765174,3.3456885672315
"education",6,"06:00",-22.2027140950734,-47.7511168177669,3.34568862762017
"education",6.08333333333333,"06:05",-22.2027140365019,-47.7511167599634,3.34568868695949
"education",6.16666666666667,"06:10",-22.2027139879117,-47.7511167116288,3.34568873580536
"education",6.25,"06:15",-22.2027139393215,-47.7511166632943,3.34568878465123
"education",6.33333333333333,"06:20",-22.202713894309,-47.751116618316,3.34568882969797
"education",6.41666666666667,"06:25",-22.2027138575253,-47.7511165810573,3.34568886600672
"education",6.5,"06:30",-22.2027138207415,-47.7511165437985,3.34568890231547
"education",6.58333333333333,"06:35",-22.2027137892725,-47.7511165116873,3.34568893314232
"education",6.66666666666667,"06:40",-22.2027137628055,-47.7511164844207,3.34568895880974
"education",6.75,"06:45",-22.2027137363385,-47.7511164571542,3.34568898447715
"education",6.83333333333333,"06:50",-22.2027137160978,-47.7511164362216,3.34568900402612
"education",6.91666666666667,"06:55",-22.2027136981918,-47.7511164176642,3.34568902128066
"education",7,"07:00",-22.2027136802858,-47.7511163991068,3.34568903853521
"education",7.08333333333333,"07:05",-22.2027136687726,-47.7511163873937,3.34568904984854
"education",7.16666666666667,"07:10",-22.2027136576718,-47.7511163761221,3.34568906077857
"education",7.25,"07:15",-22.202713647336,-47.7511163657033,3.34568907103126
"education",7.33333333333333,"07:20",-22.2027136412846,-47.7511163600599,3.34568907749081
"education",7.41666666666667,"07:25",-22.2027136352331,-47.7511163544166,3.34568908395037
"education",7.5,"07:30",-22.2027136303793,-47.7511163501226,3.34568908936395
"education",7.58333333333333,"07:35",-22.2027136276214,-47.7511163481899,3.34568909294708
"education",7.66666666666667,"07:40",-22.2027136248635,-47.7511163462572,3.34568909653022
"education",7.75,"07:45",-22.2027136229909,-47.7511163452318,3.34568909924997
"education",7.83333333333333,"07:50",-22.2027136217707,-47.751116344875,3.34568910133355
"education",7.91666666666667,"07:55",-22.2027136205505,-47.7511163445182,3.34568910341713
"education",8,"08:00",-22.2027136191585,-47.7511163436376,3.34568910532063
"education",8.08333333333333,"08:05",-22.2027136177202,-47.7511163426161,3.34568910717565
"education",8.16666666666667,"08:10",-22.2027136162819,-47.7511163415945,3.34568910903067
"education",8.25,"08:15",-22.2027136132531,-47.7511163382269,3.34568911172078
"education",8.33333333333333,"08:20",-22.2027136102242,-47.7511163348593,3.3456891144109
"education",8.41666666666667,"08:25",-22.2027136068921,-47.7511163310938,3.34568911730952
"education",8.5,"08:30",-22.2027136024337,-47.7511163258501,3.34568912098258
"education",8.58333333333333,"08:35",-22.2027135979753,-47.7511163206063,3.34568912465565
"education",8.66666666666667,"08:40",-22.2027135931414,-47.7511163150033,3.34568912872049
"education",8.75,"08:45",-22.2027135877978,-47.7511163089126,3.34568913331702
"education",8.83333333333333,"08:50",-22.2027135824542,-47.7511163028219,3.34568913791356
"education",8.91666666666667,"08:55",-22.2027135768936,-47.7511162967798,3.34568914299252
"education",9,"09:00",-22.2027135712092,-47.7511162907655,3.34568914834717
"education",9.08333333333333,"09:05",-22.2027135655247,-47.7511162847512,3.34568915370181
"education",9.16666666666667,"09:10",-22.2027135600129,-47.7511162794008,3.34568915937512
"education",9.25,"09:15",-22.2027135545319,-47.7511162741691,3.34568916510533
"education",9.33333333333333,"09:20",-22.2027135490962,-47.7511162690118,3.34568917081937
"education",9.41666666666667,"09:25",-22.2027135443631,-47.7511162650088,3.34568917628262
"education",9.5,"09:30",-22.2027135396299,-47.7511162610057,3.34568918174587
"education",9.58333333333333,"09:35",-22.2027135352492,-47.7511162573956,3.34568918689718
"education",9.66666666666667,"09:40",-22.2027135318082,-47.7511162548331,3.34568919121663
"education",9.75,"09:45",-22.2027135283673,-47.7511162522707,3.34568919553608
"education",9.83333333333333,"09:50",-22.2027135258168,-47.7511162504415,3.34568919880789
"education",9.91666666666667,"09:55",-22.2027135242124,-47.7511162493913,3.34568920096658
"education",10,"10:00",-22.2027135226079,-47.7511162483412,3.34568920312527
"education",10.0833333333333,"10:05",-22.2027135226098,-47.7511162483882,3.34568920316871
"education",10.1666666666667,"10:10",-22.2027135233099,-47.7511162489124,3.34568920229247
"education",10.25,"10:15",-22.2027135240101,-47.7511162494365,3.34568920141623
"education",10.3333333333333,"10:20",-22.2027135266271,-47.7511162513654,3.3456891981111
"education",10.4166666666667,"10:25",-22.2027135294358,-47.7511162534348,3.34568919456308
"education",10.5,"10:30",-22.2027135324349,-47.7511162556849,3.34568919081511
"education",10.5833333333333,"10:35",-22.2027135368141,-47.7511162592459,3.34568918561759
"education",10.6666666666667,"10:40",-22.2027135411934,-47.7511162628068,3.34568918042006
"education",10.75,"10:45",-22.2027135459158,-47.7511162668241,3.34568917499252
"education",10.8333333333333,"10:50",-22.2027135513247,-47.7511162717544,3.34568916910493
"education",10.9166666666667,"10:55",-22.2027135567336,-47.7511162766846,3.34568916321734
"education",11,"11:00",-22.2027135624092,-47.7511162821882,3.34568915736988
"education",11.0833333333333,"11:05",-22.2027135683069,-47.7511162881697,3.34568915155587
"education",11.1666666666667,"11:10",-22.2027135742047,-47.7511162941512,3.34568914574185
"education",11.25,"11:15",-22.202713580063,-47.7511163004945,3.34568914036839
"education",11.3333333333333,"11:20",-22.2027135859088,-47.7511163069535,3.34568913513589
"education",11.4166666666667,"11:25",-22.2027135917546,-47.7511163134126,3.3456891299034
"education",11.5,"11:30",-22.2027135970255,-47.7511163195387,3.3456891254877
"education",11.5833333333333,"11:35",-22.2027136022784,-47.7511163256544,3.34568912109752
"education",11.6666666666667,"11:40",-22.2027136073253,-47.7511163315275,3.34568911687697
"education",11.75,"11:45",-22.2027136114445,-47.7511163363089,3.3456891134198
"education",11.8333333333333,"11:50",-22.2027136155638,-47.7511163410903,3.34568910996263
"education",11.9166666666667,"11:55",-22.2027136190305,-47.7511163449582,3.34568910689724
"education",12,"12:00",-22.2027136214931,-47.7511163474209,3.3456891044346
"education",12.0833333333333,"12:05",-22.2027136239558,-47.7511163498835,3.34568910197196
"education",12.1666666666667,"12:10",-22.2027136253462,-47.7511163508727,3.34568910018022
"education",12.25,"12:15",-22.2027136260398,-47.7511163509041,3.34568909882457
"education",12.3333333333333,"12:20",-22.2027136267333,-47.7511163509355,3.34568909746892
"education",12.4166666666667,"12:25",-22.2027136262232,-47.7511163495992,3.3456890971527
"education",12.5,"12:30",-22.2027136254457,-47.7511163479589,3.34568909706746
"education",12.5833333333333,"12:35",-22.2027136246332,-47.7511163462911,3.34568909702478
"education",12.6666666666667,"12:40",-22.2027136227005,-47.7511163437452,3.34568909834419
"education",12.75,"12:45",-22.2027136207678,-47.7511163411992,3.34568909966359
"education",12.8333333333333,"12:50",-22.2027136186317,-47.7511163385782,3.34568910131482
"education",12.9166666666667,"12:55",-22.2027136158597,-47.7511163357225,3.34568910400301
"education",13,"13:00",-22.2027136130878,-47.7511163328668,3.3456891066912
"education",13.0833333333333,"13:05",-22.202713610078,-47.7511163300289,3.34568910987292
"education",13.1666666666667,"13:10",-22.2027136067827,-47.7511163272123,3.34568911364688
"education",13.25,"13:15",-22.2027136034874,-47.7511163243957,3.34568911742084
"education",13.3333333333333,"13:20",-22.2027136000539,-47.7511163216673,3.34568912155951
"education",13.4166666666667,"13:25",-22.2027135965511,-47.7511163189828,3.34568912588053
"education",13.5,"13:30",-22.2027135930484,-47.7511163162984,3.34568913020156
"education",13.5833333333333,"13:35",-22.202713589641,-47.7511163136399,3.34568913435786
"education",13.6666666666667,"13:40",-22.2027135862467,-47.7511163109849,3.34568913849145
"education",13.75,"13:45",-22.2027135828911,-47.7511163083174,3.34568914253522
"education",13.8333333333333,"13:50",-22.2027135799215,-47.7511163055238,3.3456891456809
"education",13.9166666666667,"13:55",-22.2027135769518,-47.7511163027303,3.34568914882659
"education",14,"14:00",-22.202713574217,-47.7511162999502,3.34568915151614
"education",14.0833333333333,"14:05",-22.2027135720223,-47.7511162972012,3.34568915315658
"education",14.1666666666667,"14:10",-22.2027135698276,-47.7511162944522,3.34568915479703
"education",14.25,"14:15",-22.2027135682466,-47.7511162921499,3.34568915565674
"education",14.3333333333333,"14:20",-22.2027135672432,-47.751116290268,3.34568915578163
"education",14.4166666666667,"14:25",-22.2027135662398,-47.7511162883861,3.34568915590653
"education",14.5,"14:30",-22.2027135664112,-47.751116287787,3.34568915496453
"education",14.5833333333333,"14:35",-22.2027135670232,-47.7511162876688,3.34568915362244
"education",14.6666666666667,"14:40",-22.2027135676352,-47.7511162875507,3.34568915228036
"education",14.75,"14:45",-22.202713570163,-47.7511162898001,3.3456891494742
"education",14.8333333333333,"14:50",-22.2027135728144,-47.7511162922023,3.34568914657358
"education",14.9166666666667,"14:55",-22.202713575839,-47.7511162950655,3.34568914338745
"education",15,"15:00",-22.2027135809538,-47.7511163005101,3.34568913860245
"education",15.0833333333333,"15:05",-22.2027135860687,-47.7511163059548,3.34568913381745
"education",15.1666666666667,"15:10",-22.2027135922335,-47.7511163126012,3.34568912813419
"education",15.25,"15:15",-22.2027136002358,-47.7511163213506,3.34568912087896
"education",15.3333333333333,"15:20",-22.2027136082381,-47.7511163301,3.34568911362373
"education",15.4166666666667,"15:25",-22.2027136181471,-47.751116340778,3.34568910448389
"education",15.5,"15:30",-22.2027136294609,-47.7511163528772,3.3456890939554
"education",15.5833333333333,"15:35",-22.2027136407747,-47.7511163649764,3.34568908342691
"education",15.6666666666667,"15:40",-22.2027136550317,-47.7511163796668,3.34568906960338
"education",15.75,"15:45",-22.2027136700811,-47.751116395055,3.34568905489272
"education",15.8333333333333,"15:50",-22.2027136851305,-47.7511164104431,3.34568904018207
"education",15.9166666666667,"15:55",-22.2027137042537,-47.7511164291495,3.34568902064216
"education",16,"16:00",-22.2027137233769,-47.751116447856,3.34568900110225
"education",16.0833333333333,"16:05",-22.2027137433632,-47.7511164673308,3.3456889806045
"education",16.1666666666667,"16:10",-22.2027137665552,-47.7511164896595,3.34568895654908
"education",16.25,"16:15",-22.2027137897472,-47.7511165119881,3.34568893249365
"education",16.3333333333333,"16:20",-22.202713814627,-47.7511165360207,3.34568890676673
"education",16.4166666666667,"16:25",-22.2027138417971,-47.7511165623656,3.34568887877135
"education",16.5,"16:30",-22.2027138689673,-47.7511165887106,3.34568885077597
"education",16.5833333333333,"16:35",-22.2027138986113,-47.7511166177947,3.34568882057224
"education",16.6666666666667,"16:40",-22.2027139296688,-47.7511166484442,3.3456887891066
"education",16.75,"16:45",-22.2027139607263,-47.7511166790936,3.34568875764095
"education",16.8333333333333,"16:50",-22.2027139950053,-47.7511167134557,3.34568872344506
"education",16.9166666666667,"16:55",-22.2027140298595,-47.7511167484806,3.34568868876164
"education",17,"17:00",-22.2027140649383,-47.7511167837594,3.34568865388274
"education",17.0833333333333,"17:05",-22.2027141034984,-47.7511168229709,3.34568861597405
"education",17.1666666666667,"17:10",-22.2027141420585,-47.7511168621824,3.34568857806536
"education",17.25,"17:15",-22.2027141816046,-47.7511169024203,3.3456885392111
"education",17.3333333333333,"17:20",-22.2027142237799,-47.7511169453952,3.34568849783535
"education",17.4166666666667,"17:25",-22.2027142659552,-47.7511169883701,3.3456884564596
"education",17.5,"17:30",-22.2027143098394,-47.7511170328964,3.34568841321767
"education",17.5833333333333,"17:35",-22.2027143555391,-47.7511170790711,3.34568836799293
"education",17.6666666666667,"17:40",-22.2027144012388,-47.7511171252459,3.34568832276819
"education",17.75,"17:45",-22.2027144492995,-47.7511171732723,3.34568827467326
"education",17.8333333333333,"17:50",-22.2027144983867,-47.7511172221038,3.34568822533042
"education",17.9166666666667,"17:55",-22.2027145474739,-47.7511172709353,3.34568817598759
"education",18,"18:00",-22.2027145991497,-47.7511173218433,3.34568812354391
"education",18.0833333333333,"18:05",-22.2027146510844,-47.7511173729589,3.34568807079014
"education",18.1666666666667,"18:10",-22.2027147032736,-47.7511174243195,3.34568801777226
"education",18.25,"18:15",-22.2027147573085,-47.7511174774564,3.34568796283949
"education",18.3333333333333,"18:20",-22.2027148113433,-47.7511175305933,3.34568790790671
"education",18.4166666666667,"18:25",-22.2027148658285,-47.7511175842939,3.34568785263693
"education",18.5,"18:30",-22.2027149212145,-47.751117639122,3.3456877966931
"education",18.5833333333333,"18:35",-22.2027149766004,-47.7511176939501,3.34568774074928
"education",18.6666666666667,"18:40",-22.2027150323147,-47.7511177494137,3.34568768478425
"education",18.75,"18:45",-22.2027150883027,-47.7511178054069,3.34568762880155
"education",18.8333333333333,"18:50",-22.2027151442907,-47.7511178614002,3.34568757281884
"education",18.9166666666667,"18:55",-22.2027152001673,-47.751117917684,3.34568751734946
"education",19,"19:00",-22.2027152560082,-47.7511179740607,3.34568746204433
"education",19.0833333333333,"19:05",-22.2027153118491,-47.7511180304375,3.3456874067392
"education",19.1666666666667,"19:10",-22.2027153668211,-47.7511180861885,3.34568735254622
"education",19.25,"19:15",-22.202715421766,-47.75111814192,3.345687298388
"education",19.3333333333333,"19:20",-22.2027154764117,-47.7511181973161,3.34568724449271
"education",19.4166666666667,"19:25",-22.2027155297114,-47.7511182512034,3.3456871917806
"education",19.5,"19:30",-22.2027155830111,-47.7511183050906,3.3456871390685
"education",19.5833333333333,"19:35",-22.2027156353705,-47.7511183577775,3.34568708703657
"education",19.6666666666667,"19:40",-22.2027156862833,-47.7511184086177,3.34568703605107
"education",19.75,"19:45",-22.2027157371961,-47.7511184594578,3.34568698506556
"education",19.8333333333333,"19:50",-22.2027157863157,-47.7511185081043,3.34568693547297
"education",19.9166666666667,"19:55",-22.2027158342695,-47.7511185553248,3.34568688678577
"education",20,"20:00",-22.2027158822234,-47.7511186025454,3.34568683809857
"education",20.0833333333333,"20:05",-22.202715927427,-47.7511186468518,3.3456867919978
"education",20.1666666666667,"20:10",-22.2027159720195,-47.7511186905107,3.3456867464718
"education",20.25,"20:15",-22.2027160164981,-47.7511187340633,3.34568670106718
"education",20.3333333333333,"20:20",-22.202716057334,-47.7511187742145,3.34568665954655
"education",20.4166666666667,"20:25",-22.2027160981698,-47.7511188143656,3.34568661802593
"education",20.5,"20:30",-22.2027161379993,-47.7511188536382,3.34568657763971
"education",20.5833333333333,"20:35",-22.2027161746835,-47.7511188901655,3.34568654079853
"education",20.6666666666667,"20:40",-22.2027162113677,-47.7511189266927,3.34568650395735
"education",20.75,"20:45",-22.2027162459852,-47.7511189614076,3.34568646943725
"education",20.8333333333333,"20:50",-22.2027162781226,-47.7511189939477,3.34568643770244
"education",20.9166666666667,"20:55",-22.20271631026,-47.7511190264877,3.34568640596763
"education",21,"21:00",-22.2027163391029,-47.751119055957,3.34568637775121
"education",21.0833333333333,"21:05",-22.2027163662984,-47.7511190838908,3.34568635129399
"education",21.1666666666667,"21:10",-22.2027163934939,-47.7511191118246,3.34568632483677
"education",21.25,"21:15",-22.2027164159993,-47.7511191349945,3.34568630299585
"education",21.3333333333333,"21:20",-22.2027164378578,-47.7511191575073,3.34568628179165
"education",21.4166666666667,"21:25",-22.2027164591957,-47.7511191794477,3.34568626105639
"education",21.5,"21:30",-22.2027164753266,-47.7511191956636,3.3456862450104
"education",21.5833333333333,"21:35",-22.2027164914576,-47.7511192118795,3.34568622896442
"education",21.6666666666667,"21:40",-22.2027165059028,-47.7511192261869,3.34568621438134
"education",21.75,"21:45",-22.2027165164707,-47.7511192361044,3.34568620316297
"education",21.8333333333333,"21:50",-22.2027165270387,-47.7511192460219,3.34568619194459
"education",21.9166666666667,"21:55",-22.2027165353809,-47.7511192535468,3.34568618278487
"education",22,"22:00",-22.2027165416285,-47.7511192588197,3.3456861755627
"education",22.0833333333333,"22:05",-22.202716547876,-47.7511192640926,3.34568616834053
"education",22.1666666666667,"22:10",-22.2027165519752,-47.7511192673291,3.34568616337867
"education",22.25,"22:15",-22.2027165552688,-47.751119269802,3.34568615926442
"education",22.3333333333333,"22:20",-22.2027165585624,-47.7511192722749,3.34568615515018
"education",22.4166666666667,"22:25",-22.2027165603647,-47.7511192737187,3.34568615298941
"education",22.5,"22:30",-22.2027165620707,-47.7511192750961,3.34568615095467
"education",22.5833333333333,"22:35",-22.2027165637433,-47.7511192765303,3.34568614904368
"education",22.6666666666667,"22:40",-22.2027165652283,-47.7511192782823,3.34568614782573
"education",22.75,"22:45",-22.2027165667133,-47.7511192800344,3.34568614660777
"education",22.8333333333333,"22:50",-22.2027165686148,-47.7511192823627,3.34568614513312
"education",22.9166666666667,"22:55",-22.2027165712452,-47.7511192856996,3.34568614320923
"education",23,"23:00",-22.2027165738756,-47.7511192890365,3.34568614128534
"education",23.0833333333333,"23:05",-22.2027165779522,-47.7511192938577,3.34568613795325
"education",23.1666666666667,"23:10",-22.2027165830944,-47.7511192997724,3.34568613358354
"education",23.25,"23:15",-22.2027165882367,-47.7511193056872,3.34568612921384
"education",23.3333333333333,"23:20",-22.2027165964345,-47.7511193143319,3.34568612146287
"education",23.4166666666667,"23:25",-22.2027166054551,-47.7511193237117,3.34568611280157
"education",23.5,"23:30",-22.2027166144756,-47.7511193330914,3.34568610414027
"education",23.5833333333333,"23:35",-22.2027166144756,-47.7511193330914,3.34568610414027
"education",23.6666666666667,"23:40",-22.2027166144756,-47.7511193330914,3.34568610414027
"education",23.75,"23:45",-22.2027166144756,-47.7511193330914,3.34568610414027
"education",23.8333333333333,"23:50",-22.2027166144756,-47.7511193330914,3.34568610414027
"education",23.9166666666667,"23:55",-22.2027166144756,-47.7511193330914,3.34568610414027
"education",24,"24:00",-22.2027166144756,-47.7511193330914,3.34568610414027
"dm_duration",0,"00:00",8.77070133745397,1.07577939432119,16.4656232805868
"dm_duration",0.0833333333333333,"00:05",8.77070133745397,1.07577939432119,16.4656232805868
"dm_duration",0.166666666666667,"00:10",8.77070133745397,1.07577939432119,16.4656232805868
"dm_duration",0.25,"00:15",8.77070133745397,1.07577939432119,16.4656232805868
"dm_duration",0.333333333333333,"00:20",8.77070133745397,1.07577939432119,16.4656232805868
"dm_duration",0.416666666666667,"00:25",8.77070133745397,1.07577939432119,16.4656232805868
"dm_duration",0.5,"00:30",8.77070133745397,1.07577939432119,16.4656232805868
"dm_duration",0.583333333333333,"00:35",8.75883368850871,1.0639426984342,16.4537246785832
"dm_duration",0.666666666666667,"00:40",8.74696603956345,1.05210600254721,16.4418260765797
"dm_duration",0.75,"00:45",8.73499550865182,1.04017324325836,16.4298177740453
"dm_duration",0.833333333333333,"00:50",8.72264284472229,1.02788367704828,16.4174020123963
"dm_duration",0.916666666666667,"00:55",8.71029018079275,1.01559411083821,16.4049862507473
"dm_duration",1,"01:00",8.69788796743993,1.00324872388071,16.3925272109992
"dm_duration",1.08333333333333,"01:05",8.68541850844122,0.990827580194553,16.3800094366879
"dm_duration",1.16666666666667,"01:10",8.67294904944251,0.978406436508396,16.3674916623766
"dm_duration",1.25,"01:15",8.66063958807303,0.966112994758447,16.3551661813876
"dm_duration",1.33333333333333,"01:20",8.64842155392025,0.953892525543475,16.342950582297
"dm_duration",1.41666666666667,"01:25",8.63620351976746,0.941672056328503,16.3307349832064
"dm_duration",1.5,"01:30",8.62451124480585,0.929922838368079,16.3190996512436
"dm_duration",1.58333333333333,"01:35",8.61291285541409,0.918257772417396,16.3075679384108
"dm_duration",1.66666666666667,"01:40",8.60137433660876,0.906649490205173,16.2960991830123
"dm_duration",1.75,"01:45",8.59076381189312,0.895921355939097,16.2856062678472
"dm_duration",1.83333333333333,"01:50",8.58015328717749,0.88519322167302,16.275113352682
"dm_duration",1.91666666666667,"01:55",8.569912603714,0.874831191856583,16.2649940155714
"dm_duration",2,"02:00",8.56065816358958,0.865445440572514,16.2558708866067
"dm_duration",2.08333333333333,"02:05",8.55140372346517,0.856059689288446,16.2467477576419
"dm_duration",2.16666666666667,"02:10",8.54298530976806,0.847528089014573,16.2384425305215
"dm_duration",2.25,"02:15",8.53545517414996,0.839904024189033,16.2310063241109
"dm_duration",2.33333333333333,"02:20",8.52792503853186,0.832279959363493,16.2235701177002
"dm_duration",2.41666666666667,"02:25",8.52182646657067,0.826143615792577,16.2175093173488
"dm_duration",2.5,"02:30",8.51635031359074,0.820654107549758,16.2120465196317
"dm_duration",2.58333333333333,"02:35",8.51087416061081,0.815164599306939,16.2065837219147
"dm_duration",2.66666666666667,"02:40",8.50726001172945,0.811594927700376,16.2029250957585
"dm_duration",2.75,"02:45",8.50383206325794,0.808217239757439,16.1994468867584
"dm_duration",2.83333333333333,"02:50",8.50063074534289,0.805067783389758,16.196193707296
"dm_duration",2.91666666666667,"02:55",8.49907249896217,0.803573005942689,16.1945719919817
"dm_duration",3,"03:00",8.49751425258146,0.80207822849562,16.1929502766673
"dm_duration",3.08333333333333,"03:05",8.49651926360063,0.801136459109679,16.1919020680916
"dm_duration",3.16666666666667,"03:10",8.49665078941961,0.801300705845995,16.1920008729932
"dm_duration",3.25,"03:15",8.49678231523858,0.801464952582312,16.1920996778949
"dm_duration",3.33333333333333,"03:20",8.49773739140771,0.802423041851842,16.1930517409636
"dm_duration",3.41666666666667,"03:25",8.49937875953529,0.804042666565718,16.1947148525049
"dm_duration",3.5,"03:30",8.50102012766287,0.805662291279593,16.1963779640461
"dm_duration",3.58333333333333,"03:35",8.50366900519767,0.808250346690498,16.1990876637048
"dm_duration",3.66666666666667,"03:40",8.50664028574277,0.811148299924451,16.2021322715611
"dm_duration",3.75,"03:45",8.50961156628787,0.814046253158405,16.2051768794173
"dm_duration",3.83333333333333,"03:50",8.51369798140405,0.818037018950502,16.2093589438576
"dm_duration",3.91666666666667,"03:55",8.51781924447558,0.822061935135042,16.2135765538161
"dm_duration",4,"04:00",8.52211688075354,0.826267415010299,16.2179663464968
"dm_duration",4.08333333333333,"04:05",8.52720819646041,0.831285431493781,16.223130961427
"dm_duration",4.16666666666667,"04:10",8.53229951216728,0.836303447977264,16.2282955763573
"dm_duration",4.25,"04:15",8.53770297460849,0.841661139303071,16.2337448099139
"dm_duration",4.33333333333333,"04:20",8.54358666279486,0.847541407309375,16.2396319182803
"dm_duration",4.41666666666667,"04:25",8.54947035098122,0.853421675315679,16.2455190266468
"dm_duration",4.5,"04:30",8.55575793991563,0.859748012872937,16.2517678669583
"dm_duration",4.58333333333333,"04:35",8.56230806433627,0.866364295638315,16.2582518330342
"dm_duration",4.66666666666667,"04:40",8.56885818875691,0.872980578403693,16.2647357991101
"dm_duration",4.75,"04:45",8.57589287636819,0.880099531805144,16.2716862209312
"dm_duration",4.83333333333333,"04:50",8.58303524468851,0.887330189792389,16.2787402995846
"dm_duration",4.91666666666667,"04:55",8.5901933797149,0.894575869953729,16.2858108894761
"dm_duration",5,"05:00",8.59785604933555,0.90230225968609,16.293409838985
"dm_duration",5.08333333333333,"05:05",8.60551871895619,0.910028649418452,16.3010087884939
"dm_duration",5.16666666666667,"05:10",8.61329008159526,0.917850694896139,16.3087294682944
"dm_duration",5.25,"05:15",8.62140110991689,0.925971664577972,16.3168305552558
"dm_duration",5.33333333333333,"05:20",8.62951213823851,0.934092634259804,16.3249316422172
"dm_duration",5.41666666666667,"05:25",8.63779426478814,0.942358650715411,16.3332298788609
"dm_duration",5.5,"05:30",8.6462817092114,0.950798723299546,16.3417646951232
"dm_duration",5.58333333333333,"05:35",8.65476915363465,0.959238795883681,16.3502995113856
"dm_duration",5.66666666666667,"05:40",8.66345958039275,0.967859009002811,16.3590601517827
"dm_duration",5.75,"05:45",8.67225149831828,0.976569292389438,16.3679337042471
"dm_duration",5.83333333333333,"05:50",8.68104341624381,0.985279575776065,16.3768072567116
"dm_duration",5.91666666666667,"05:55",8.69003967950827,0.994202121232193,16.3858772377844
"dm_duration",6,"06:00",8.69906412833673,1.00315394421515,16.3949743124583
"dm_duration",6.08333333333333,"06:05",8.70810318827106,1.01212571516006,16.4040806613821
"dm_duration",6.16666666666667,"06:10",8.71728835926424,1.02129696572452,16.413279752804
"dm_duration",6.25,"06:15",8.72647353025741,1.03046821628898,16.4224788442258
"dm_duration",6.33333333333333,"06:20",8.73569055295513,1.03969423028903,16.4316868756212
"dm_duration",6.41666666666667,"06:25",8.7449808345733,1.04904620019093,16.4409154689557
"dm_duration",6.5,"06:30",8.75427111619148,1.05839817009283,16.4501440622901
"dm_duration",6.58333333333333,"06:35",8.76360310264971,1.06780930939252,16.4593968959069
"dm_duration",6.66666666666667,"06:40",8.77297434072213,1.07727613753717,16.4686725439071
"dm_duration",6.75,"06:45",8.78234557879454,1.08674296568182,16.4779481919073
"dm_duration",6.83333333333333,"06:50",8.79176075616469,1.09624276395909,16.4872787483703
"dm_duration",6.91666666666667,"06:55",8.8011924107715,1.10575492603609,16.4966298955069
"dm_duration",7,"07:00",8.8106240653783,1.11526708811309,16.5059810426435
"dm_duration",7.08333333333333,"07:05",8.82009317983511,1.12476999137981,16.5154163682904
"dm_duration",7.16666666666667,"07:10",8.82956471105644,1.13427229730394,16.5248571248089
"dm_duration",7.25,"07:15",8.83903917207999,1.1437684347512,16.5343099094088
"dm_duration",7.33333333333333,"07:20",8.848530039996,1.15323002872805,16.5438300512639
"dm_duration",7.41666666666667,"07:25",8.858020907912,1.16269162270489,16.5533501931191
"dm_duration",7.5,"07:30",8.86751133829157,1.17213703266164,16.5628856439215
"dm_duration",7.58333333333333,"07:35",8.8770010029824,1.18155412058323,16.5724478853816
"dm_duration",7.66666666666667,"07:40",8.88649066767322,1.19097120850481,16.5820101268416
"dm_duration",7.75,"07:45",8.89596781358356,1.20037344891797,16.5915621782492
"dm_duration",7.83333333333333,"07:50",8.90543573512934,1.20976474906175,16.6011067211969
"dm_duration",7.91666666666667,"07:55",8.91490365667513,1.21915604920553,16.6106512641447
"dm_duration",8,"08:00",8.92433826429099,1.22855020367745,16.6201263249045
"dm_duration",8.08333333333333,"08:05",8.93376390277188,1.23794512662233,16.6295826789214
"dm_duration",8.16666666666667,"08:10",8.94318954125277,1.24734004956721,16.6390390329383
"dm_duration",8.25,"08:15",8.95254793972782,1.25674511074182,16.6483507687138
"dm_duration",8.33333333333333,"08:20",8.96190633820287,1.26615017191642,16.6576625044893
"dm_duration",8.41666666666667,"08:25",8.97124143197435,1.27554163421442,16.6669412297343
"dm_duration",8.5,"08:30",8.98048996541828,1.28488258639933,16.6760973444372
"dm_duration",8.58333333333333,"08:35",8.98973849886221,1.29422353858424,16.6852534591402
"dm_duration",8.66666666666667,"08:40",8.9989204656672,1.30349608303854,16.6943448482959
"dm_duration",8.75,"08:45",9.00801209203364,1.31267578842987,16.7033483956374
"dm_duration",8.83333333333333,"08:50",9.01710371840007,1.3218554938212,16.7123519429789
"dm_duration",8.91666666666667,"08:55",9.02606555896041,1.33087758035891,16.7212535375619
"dm_duration",9,"09:00",9.03495323620298,1.33980959898027,16.7300968734257
"dm_duration",9.08333333333333,"09:05",9.04384091344556,1.34874161760163,16.7389402092895
"dm_duration",9.16666666666667,"09:10",9.05251562848308,1.35740924061811,16.7476220163481
"dm_duration",9.25,"09:15",9.06115231455542,1.36602965013371,16.7562749789771
"dm_duration",9.33333333333333,"09:20",9.06977093800857,1.37462894049523,16.7649129355219
"dm_duration",9.41666666666667,"09:25",9.0781095908643,1.38290088396835,16.7733182977602
"dm_duration",9.5,"09:30",9.08644824372003,1.39117282744148,16.7817236599986
"dm_duration",9.58333333333333,"09:35",9.0946927851404,1.39934631960826,16.7900392506725
"dm_duration",9.66666666666667,"09:40",9.10268636273316,1.40725727495815,16.7981154505082
"dm_duration",9.75,"09:45",9.11067994032591,1.41516823030804,16.8061916503438
"dm_duration",9.83333333333333,"09:50",9.11848340043535,1.42290503755746,16.8140617633132
"dm_duration",9.91666666666667,"09:55",9.12608486071876,1.43045681245015,16.8217129089874
"dm_duration",10,"10:00",9.13368632100216,1.43800858734284,16.8293640546615
"dm_duration",10.0833333333333,"10:05",9.14099209907112,1.4453166011811,16.8366675969611
"dm_duration",10.1666666666667,"10:10",9.14816931965554,1.45251863195223,16.8438200073588
"dm_duration",10.25,"10:15",9.15534654023995,1.45972066272336,16.8509724177565
"dm_duration",10.3333333333333,"10:20",9.16222693735426,1.46667806407636,16.8577758106322
"dm_duration",10.4166666666667,"10:25",9.16907765212156,1.47361100248754,16.8645443017556
"dm_duration",10.5,"10:30",9.1759087414622,1.48052522836347,16.8712922545609
"dm_duration",10.5833333333333,"10:35",9.18259754645958,1.48730378835877,16.8778913045604
"dm_duration",10.6666666666667,"10:40",9.18928635145696,1.49408234835408,16.8844903545598
"dm_duration",10.75,"10:45",9.1959762360734,1.50085001811241,16.8911024540344
"dm_duration",10.8333333333333,"10:50",9.20266827992796,1.50759590739677,16.8977406524591
"dm_duration",10.9166666666667,"10:55",9.20936032378251,1.51434179668114,16.9043788508839
"dm_duration",11,"11:00",9.21614421535575,1.52114729429158,16.9111411364199
"dm_duration",11.0833333333333,"11:05",9.22300464669455,1.52800246550709,16.918006827882
"dm_duration",11.1666666666667,"11:10",9.22986507803336,1.5348576367226,16.9248725193441
"dm_duration",11.25,"11:15",9.23697818824439,1.54192329857663,16.9320330779122
"dm_duration",11.3333333333333,"11:20",9.24417215569454,1.54905631743499,16.9392879939541
"dm_duration",11.4166666666667,"11:25",9.25136612314468,1.55618933629334,16.946542909996
"dm_duration",11.5,"11:30",9.25904366367451,1.56378016463043,16.9543071627186
"dm_duration",11.5833333333333,"11:35",9.26673631586308,1.57138529951373,16.9620873322124
"dm_duration",11.6666666666667,"11:40",9.2745496650272,1.57911477974679,16.9699845503076
"dm_duration",11.75,"11:45",9.28290615058127,1.58740381405378,16.9784084871088
"dm_duration",11.8333333333333,"11:50",9.29126263613534,1.59569284836076,16.9868324239099
"dm_duration",11.9166666666667,"11:55",9.29994203616656,1.60433136884828,16.9955527034848
"dm_duration",12,"12:00",9.30911822770106,1.61350756038278,17.0047288950193
"dm_duration",12.0833333333333,"12:05",9.31829441923556,1.62268375191728,17.0139050865538
"dm_duration",12.1666666666667,"12:10",9.32793256853703,1.63236278076245,17.0235023563116
"dm_duration",12.25,"12:15",9.33787099038703,1.64236865385954,17.0333733269145
"dm_duration",12.3333333333333,"12:20",9.34780941223703,1.65237452695663,17.0432442975174
"dm_duration",12.4166666666667,"12:25",9.3581498938449,1.66279887749556,17.0535009101942
"dm_duration",12.5,"12:30",9.36857972206564,1.67331622302156,17.0638432211097
"dm_duration",12.5833333333333,"12:35",9.37901595351104,1.6838391666597,17.0741927403624
"dm_duration",12.6666666666667,"12:40",9.38965708814558,1.69454124988604,17.0847729264051
"dm_duration",12.75,"12:45",9.40029822278013,1.70524333311238,17.0953531124479
"dm_duration",12.8333333333333,"12:50",9.4109226801921,1.71591523888135,17.1059301215028
"dm_duration",12.9166666666667,"12:55",9.42149502128352,1.72649284009607,17.116497202471
"dm_duration",13,"13:00",9.43206736237494,1.73707044131078,17.1270642834391
"dm_duration",13.0833333333333,"13:05",9.44248111551179,1.74746258841042,17.1374996426131
"dm_duration",13.1666666666667,"13:10",9.45270456310315,1.75763219057198,17.1477769356343
"dm_duration",13.25,"13:15",9.46292801069452,1.76780179273354,17.1580542286555
"dm_duration",13.3333333333333,"13:20",9.47273212931456,1.77752812621169,17.1679361324174
"dm_duration",13.4166666666667,"13:25",9.48232658344894,1.78703282534815,17.1776203415497
"dm_duration",13.5,"13:30",9.49192103758332,1.79653752448461,17.187304550682
"dm_duration",13.5833333333333,"13:35",9.50071659144487,1.80524994181087,17.1961832410789
"dm_duration",13.6666666666667,"13:40",9.50940195216534,1.81385307888745,17.2049508254432
"dm_duration",13.75,"13:45",9.51797927328785,1.82235339577127,17.2136051508044
"dm_duration",13.8333333333333,"13:50",9.52547619843084,1.82982551072755,17.2211268861341
"dm_duration",13.9166666666667,"13:55",9.53297312357384,1.83729762568383,17.2286486214638
"dm_duration",14,"14:00",9.54005305334023,1.84437531968092,17.2357307869995
"dm_duration",14.0833333333333,"14:05",9.54617389374043,1.85054584547184,17.241801942009
"dm_duration",14.1666666666667,"14:10",9.55229473414064,1.85671637126277,17.2478730970185
"dm_duration",14.25,"14:15",9.5577017535739,1.86219004355604,17.2532134635918
"dm_duration",14.3333333333333,"14:20",9.56243694150887,1.86700785373387,17.2578660292839
"dm_duration",14.4166666666667,"14:25",9.56717212944383,1.8718256639117,17.262518594976
"dm_duration",14.5,"14:30",9.57090749209399,1.87563207581545,17.2661829083725
"dm_duration",14.5833333333333,"14:35",9.57426792026236,1.87905921336642,17.2694766271583
"dm_duration",14.6666666666667,"14:40",9.57762834843072,1.8824863509174,17.272770345944
"dm_duration",14.75,"14:45",9.5797075681413,1.88458490371961,17.274830232563
"dm_duration",14.8333333333333,"14:50",9.58170412924171,1.88659774137675,17.2768105171067
"dm_duration",14.9166666666667,"14:55",9.58349569422556,1.88839639838164,17.2785949900695
"dm_duration",15,"15:00",9.58413928095665,1.88899564373394,17.2792829181794
"dm_duration",15.0833333333333,"15:05",9.58478286768774,1.88959488908624,17.2799708462892
"dm_duration",15.1666666666667,"15:10",9.5849384247204,1.88969020014154,17.2801866492993
"dm_duration",15.25,"15:15",9.58423992978082,1.88890362617706,17.2795762333846
"dm_duration",15.3333333333333,"15:20",9.58354143484123,1.88811705221258,17.2789658174699
"dm_duration",15.4166666666667,"15:25",9.58207649776624,1.88656153748828,17.2775914580442
"dm_duration",15.5,"15:30",9.58004681385462,1.88443943483568,17.2756541928736
"dm_duration",15.5833333333333,"15:35",9.57801712994301,1.88231733218308,17.2737169277029
"dm_duration",15.6666666666667,"15:40",9.57494721260387,1.87919104631742,17.2707033788903
"dm_duration",15.75,"15:45",9.57159723241887,1.87579440343287,17.2674000614049
"dm_duration",15.8333333333333,"15:50",9.56824725223386,1.87239776054831,17.2640967439194
"dm_duration",15.9166666666667,"15:55",9.56362330021989,1.86780452407034,17.2594420763694
"dm_duration",16,"16:00",9.55899934820592,1.86321128759238,17.2547874088195
"dm_duration",16.0833333333333,"16:05",9.55414504944014,1.85839744197054,17.2498926569097
"dm_duration",16.1666666666667,"16:10",9.54843517702476,1.85276419095716,17.2441061630924
"dm_duration",16.25,"16:15",9.54272530460938,1.84713093994378,17.238319669275
"dm_duration",16.3333333333333,"16:20",9.53664954973361,1.8411300905652,17.232169008902
"dm_duration",16.4166666666667,"16:25",9.53007724009016,1.83463035769099,17.2255241224893
"dm_duration",16.5,"16:30",9.52350493044671,1.82813062481678,17.2188792360767
"dm_duration",16.5833333333333,"16:35",9.51652601367753,1.82119672847042,17.2118552988846
"dm_duration",16.6666666666667,"16:40",9.50931474997935,1.8140147387114,17.2046147612473
"dm_duration",16.75,"16:45",9.50210348628118,1.80683274895238,17.19737422361
"dm_duration",16.8333333333333,"16:50",9.49453970183516,1.79924728808265,17.1898321155877
"dm_duration",16.9166666666667,"16:55",9.4869129672556,1.7915897788003,17.1822361557109
"dm_duration",17,"17:00",9.47927459705737,1.78391761979215,17.1746315743226
"dm_duration",17.0833333333333,"17:05",9.47145587476976,1.77601839003434,17.1668933595052
"dm_duration",17.1666666666667,"17:10",9.46363715248214,1.76811916027653,17.1591551446878
"dm_duration",17.25,"17:15",9.45582701986688,1.76022440675416,17.1514296329796
"dm_duration",17.3333333333333,"17:20",9.44803979304456,1.7523415898596,17.1437379962295
"dm_duration",17.4166666666667,"17:25",9.44025256622225,1.74445877296504,17.1360463594795
"dm_duration",17.5,"17:30",9.43258896540654,1.73671601930788,17.1284619115052
"dm_duration",17.5833333333333,"17:35",9.42505671722285,1.72912208284047,17.1209913516052
"dm_duration",17.6666666666667,"17:40",9.41752446903916,1.72152814637305,17.1135207917053
"dm_duration",17.75,"17:45",9.41030587054382,1.71430055657538,17.1063111845123
"dm_duration",17.8333333333333,"17:50",9.40322364147819,1.70723224793846,17.0992150350179
"dm_duration",17.9166666666667,"17:55",9.39614141241256,1.70016393930154,17.0921188855236
"dm_duration",18,"18:00",9.38942054954431,1.69351036542273,17.0853307336659
"dm_duration",18.0833333333333,"18:05",9.38273582329581,1.68689826501973,17.0785733815719
"dm_duration",18.1666666666667,"18:10",9.37607746324248,1.68031362277473,17.0718413037102
"dm_duration",18.25,"18:15",9.36961025810411,1.67392805217526,17.065292464033
"dm_duration",18.3333333333333,"18:20",9.36314305296575,1.6675424815758,17.0587436243557
"dm_duration",18.4166666666667,"18:25",9.3566880098174,1.66115765206643,17.0522183675684
"dm_duration",18.5,"18:30",9.35025729064908,1.65477430473723,17.0457402765609
"dm_duration",18.5833333333333,"18:35",9.34382657148076,1.64839095740802,17.0392621855535
"dm_duration",18.6666666666667,"18:40",9.3373170073106,1.64189750333189,17.0327365112893
"dm_duration",18.75,"18:45",9.33074173897223,1.63531229363331,17.0261711843111
"dm_duration",18.8333333333333,"18:50",9.32416647063386,1.62872708393474,17.019605857333
"dm_duration",18.9166666666667,"18:55",9.31734454751508,1.62185447797733,17.0128346170528
"dm_duration",19,"19:00",9.31044369486656,1.6148899052171,17.005997484516
"dm_duration",19.0833333333333,"19:05",9.30354284221804,1.60792533245687,16.9991603519792
"dm_duration",19.1666666666667,"19:10",9.29615072222384,1.60044566732771,16.99185577712
"dm_duration",19.25,"19:15",9.28874325012508,1.59294990556203,16.9845365946881
"dm_duration",19.3333333333333,"19:20",9.28121074991898,1.58533313956577,16.9770883602722
"dm_duration",19.4166666666667,"19:25",9.27311562322989,1.57717185453193,16.9690593919278
"dm_duration",19.5,"19:30",9.26502049654079,1.5690105694981,16.9610304235835
"dm_duration",19.5833333333333,"19:35",9.25658619321984,1.5605375175543,16.9526348688854
"dm_duration",19.6666666666667,"19:40",9.24763007969603,1.55158482421055,16.9436753351815
"dm_duration",19.75,"19:45",9.23867396617223,1.54263213086681,16.9347158014777
"dm_duration",19.8333333333333,"19:50",9.22919836629848,1.53320230210847,16.9251944304885
"dm_duration",19.9166666666667,"19:55",9.21938510029727,1.52346233533065,16.9153078652639
"dm_duration",20,"20:00",9.20957183429606,1.51372236855282,16.9054213000393
"dm_duration",20.0833333333333,"20:05",9.19920535341613,1.50344804407559,16.8949626627567
"dm_duration",20.1666666666667,"20:10",9.18871593589649,1.49305497344295,16.88437689835
"dm_duration",20.25,"20:15",9.17821174723553,1.48264643410607,16.873777060365
"dm_duration",20.3333333333333,"20:20",9.16723488205216,1.47174289623385,16.8627268678705
"dm_duration",20.4166666666667,"20:25",9.15625801686879,1.46083935836163,16.851676675376
"dm_duration",20.5,"20:30",9.14520872894384,1.44985089256057,16.8405665653271
"dm_duration",20.5833333333333,"20:35",9.13393311995145,1.43859702698189,16.829269212921
"dm_duration",20.6666666666667,"20:40",9.12265751095906,1.4273431614032,16.8179718605149
"dm_duration",20.75,"20:45",9.11133188380561,1.41601452114935,16.8066492464619
"dm_duration",20.8333333333333,"20:50",9.09994623485889,1.40459615128529,16.7952963184325
"dm_duration",20.9166666666667,"20:55",9.08856058591217,1.39317778142123,16.7839433904031
"dm_duration",21,"21:00",9.07722737956571,1.38179135547988,16.7726634036515
"dm_duration",21.0833333333333,"21:05",9.06592039451937,1.37042090149989,16.7614198875388
"dm_duration",21.1666666666667,"21:10",9.05461340947303,1.3590504475199,16.7501763714262
"dm_duration",21.25,"21:15",9.04354138396904,1.34792656046854,16.7391562074695
"dm_duration",21.3333333333333,"21:20",9.03250176667777,1.33683668264871,16.7281668507068
"dm_duration",21.4166666666667,"21:25",9.02150352413452,1.32579396283066,16.7172130854384
"dm_duration",21.5,"21:30",9.01091902907135,1.31522282303037,16.7066152351123
"dm_duration",21.5833333333333,"21:35",9.00033453400817,1.30465168323009,16.6960173847863
"dm_duration",21.6666666666667,"21:40",8.98991003940449,1.29426496023613,16.6855551185728
"dm_duration",21.75,"21:45",8.97985354585764,1.28430239589672,16.6754046958186
"dm_duration",21.8333333333333,"21:50",8.96979705231078,1.27433983155731,16.6652542730643
"dm_duration",21.9166666666667,"21:55",8.95993517069776,1.26459113652104,16.6552792048745
"dm_duration",22,"22:00",8.95025645325774,1.25504373024068,16.6454691762748
"dm_duration",22.0833333333333,"22:05",8.94057773581773,1.24549632396031,16.6356591476751
"dm_duration",22.1666666666667,"22:10",8.93104586738983,1.23608580188537,16.6260059328943
"dm_duration",22.25,"22:15",8.92156906734149,1.22672661138746,16.6164115232955
"dm_duration",22.3333333333333,"22:20",8.91209226729314,1.21736742088956,16.6068171136967
"dm_duration",22.4166666666667,"22:25",8.90263994660756,1.20798486361087,16.5972950296043
"dm_duration",22.5,"22:30",8.89318920523571,1.19860079879794,16.5877776116735
"dm_duration",22.5833333333333,"22:35",8.8837157668883,1.18918430344934,16.5782472303273
"dm_duration",22.6666666666667,"22:40",8.87411522547777,1.179586197101,16.5686442538545
"dm_duration",22.75,"22:45",8.86451468406723,1.16998809075265,16.5590412773818
"dm_duration",22.8333333333333,"22:50",8.85479572129167,1.16025310835755,16.5493383342258
"dm_duration",22.9166666666667,"22:55",8.84486952112728,1.15027859288062,16.5394604493739
"dm_duration",23,"23:00",8.8349433209629,1.14030407740368,16.5295825645221
"dm_duration",23.0833333333333,"23:05",8.82472836831635,1.13003229836181,16.5194244382709
"dm_duration",23.1666666666667,"23:10",8.81430065068294,1.11954148300894,16.5090598183569
"dm_duration",23.25,"23:15",8.80387293304953,1.10905066765607,16.498695198443
"dm_duration",23.3333333333333,"23:20",8.79291152508918,1.09805148807295,16.4877715621054
"dm_duration",23.4166666666667,"23:25",8.78180643127158,1.08691544119707,16.4766974213461
"dm_duration",23.5,"23:30",8.77070133745397,1.07577939432119,16.4656232805868
"dm_duration",23.5833333333333,"23:35",8.77070133745397,1.07577939432119,16.4656232805868
"dm_duration",23.6666666666667,"23:40",8.77070133745397,1.07577939432119,16.4656232805868
"dm_duration",23.75,"23:45",8.77070133745397,1.07577939432119,16.4656232805868
"dm_duration",23.8333333333333,"23:50",8.77070133745397,1.07577939432119,16.4656232805868
"dm_duration",23.9166666666667,"23:55",8.77070133745397,1.07577939432119,16.4656232805868
"dm_duration",24,"24:00",8.77070133745397,1.07577939432119,16.4656232805868
"egfr",0,"00:00",-1.10791032201592e-08,-4.2253435182584e-05,4.22312769761437e-05
"egfr",0.0833333333333333,"00:05",-1.10791032201592e-08,-4.2253435182584e-05,4.22312769761437e-05
"egfr",0.166666666666667,"00:10",-1.10791032201592e-08,-4.2253435182584e-05,4.22312769761437e-05
"egfr",0.25,"00:15",-1.10791032201592e-08,-4.2253435182584e-05,4.22312769761437e-05
"egfr",0.333333333333333,"00:20",-1.10791032201592e-08,-4.2253435182584e-05,4.22312769761437e-05
"egfr",0.416666666666667,"00:25",-1.10791032201592e-08,-4.2253435182584e-05,4.22312769761437e-05
"egfr",0.5,"00:30",-1.10791032201592e-08,-4.2253435182584e-05,4.22312769761437e-05
"egfr",0.583333333333333,"00:35",-1.11893307776697e-08,-4.22321954391365e-05,4.22098167775812e-05
"egfr",0.666666666666667,"00:40",-1.12995583351803e-08,-4.2210955695689e-05,4.21883565790186e-05
"egfr",0.75,"00:45",-1.14130784018563e-08,-4.2184353638325e-05,4.21615274815213e-05
"egfr",0.833333333333333,"00:50",-1.15388277882897e-08,-4.21378344149859e-05,4.21147567594093e-05
"egfr",0.916666666666667,"00:55",-1.16645771747231e-08,-4.20913151916467e-05,4.20679860372972e-05
"egfr",1,"01:00",-1.17918857728356e-08,-4.20457185252118e-05,4.20221347536661e-05
"egfr",1.08333333333333,"01:05",-1.19213104439412e-08,-4.20013739002898e-05,4.19775312794019e-05
"egfr",1.16666666666667,"01:10",-1.20507351150468e-08,-4.19570292753678e-05,4.19329278051377e-05
"egfr",1.25,"01:15",-1.21749598936934e-08,-4.19278684277205e-05,4.19035185079331e-05
"egfr",1.33333333333333,"01:20",-1.22962133052206e-08,-4.19073840242303e-05,4.18827915976198e-05
"egfr",1.41666666666667,"01:25",-1.24174667167478e-08,-4.188689962074e-05,4.18620646873066e-05
"egfr",1.5,"01:30",-1.25217353250261e-08,-4.1894577235062e-05,4.1869533764412e-05
"egfr",1.58333333333333,"01:35",-1.26229709327243e-08,-4.19072837811361e-05,4.18820378392707e-05
"egfr",1.66666666666667,"01:40",-1.27222753678115e-08,-4.19216573421114e-05,4.18962127913758e-05
"egfr",1.75,"01:45",-1.279164662743e-08,-4.19618696340542e-05,4.19362863407993e-05
"egfr",1.83333333333333,"01:50",-1.28610178870485e-08,-4.20020819259969e-05,4.19763598902228e-05
"egfr",1.91666666666667,"01:55",-1.29184679942132e-08,-4.20445882092634e-05,4.2018751273275e-05
"egfr",2,"02:00",-1.29441283615014e-08,-4.20932118027264e-05,4.20673235460034e-05
"egfr",2.08333333333333,"02:05",-1.29697887287895e-08,-4.21418353961895e-05,4.21158958187319e-05
"egfr",2.16666666666667,"02:10",-1.29685121571293e-08,-4.21815206491651e-05,4.21555836248508e-05
"egfr",2.25,"02:15",-1.29386150878365e-08,-4.22117089153727e-05,4.21858316851971e-05
"egfr",2.33333333333333,"02:20",-1.29087180185438e-08,-4.22418971815804e-05,4.22160797455433e-05
"egfr",2.41666666666667,"02:25",-1.28327321448843e-08,-4.22432694375634e-05,4.22176039732736e-05
"egfr",2.5,"02:30",-1.27367076606307e-08,-4.22321129934488e-05,4.22066395781275e-05
"egfr",2.58333333333333,"02:35",-1.26406831763771e-08,-4.22209565493341e-05,4.21956751829814e-05
"egfr",2.66666666666667,"02:40",-1.24850345628112e-08,-4.21807713593296e-05,4.2155801290204e-05
"egfr",2.75,"02:45",-1.23234235363142e-08,-4.21376832947361e-05,4.21130364476634e-05
"egfr",2.83333333333333,"02:50",-1.21546216294272e-08,-4.20940437826346e-05,4.20697345393757e-05
"egfr",2.91666666666667,"02:55",-1.19336858397137e-08,-4.20464062761007e-05,4.20225389044213e-05
"egfr",3,"03:00",-1.17127500500002e-08,-4.19987687695668e-05,4.19753432694668e-05
"egfr",3.08333333333333,"03:05",-1.14741423589626e-08,-4.19575828219734e-05,4.19346345372555e-05
"egfr",3.16666666666667,"03:10",-1.12001908652771e-08,-4.19292999922611e-05,4.19068996105305e-05
"egfr",3.25,"03:15",-1.09262393715915e-08,-4.19010171625487e-05,4.18791646838056e-05
"egfr",3.33333333333333,"03:20",-1.06268115262364e-08,-4.18903004113507e-05,4.18690467882983e-05
"egfr",3.41666666666667,"03:25",-1.03061533878233e-08,-4.18942220589147e-05,4.1873609752139e-05
"egfr",3.5,"03:30",-9.98549524941016e-09,-4.18981437064786e-05,4.18781727159798e-05
"egfr",3.58333333333333,"03:35",-9.63423287957044e-09,-4.19250262104762e-05,4.19057577447171e-05
"egfr",3.66666666666667,"03:40",-9.27317715567419e-09,-4.19592561885325e-05,4.19407098342212e-05
"egfr",3.75,"03:45",-8.91212143177795e-09,-4.19934861665888e-05,4.19756619237253e-05
"egfr",3.83333333333333,"03:50",-8.51801016728662e-09,-4.20414892545017e-05,4.20244532341672e-05
"egfr",3.91666666666667,"03:55",-8.1228659171517e-09,-4.20899227520977e-05,4.20736770202634e-05
"egfr",4,"04:00",-7.722670854836e-09,-4.21362802048008e-05,4.21208348630912e-05
"egfr",4.08333333333333,"04:05",-7.29974713770684e-09,-4.21732954554865e-05,4.21586959612111e-05
"egfr",4.16666666666667,"04:10",-6.87682342057767e-09,-4.22103107061721e-05,4.21965570593309e-05
"egfr",4.25,"04:15",-6.44548194686601e-09,-4.22325691698371e-05,4.22196782059433e-05
"egfr",4.33333333333333,"04:20",-6.00119007841207e-09,-4.22321248842394e-05,4.22201225040826e-05
"egfr",4.41666666666667,"04:25",-5.55689820995812e-09,-4.22316805986418e-05,4.22205668022219e-05
"egfr",4.5,"04:30",-5.10496698521329e-09,-4.22085388749038e-05,4.21983289409334e-05
"egfr",4.58333333333333,"04:35",-4.64807017887939e-09,-4.21706438163745e-05,4.21613476760167e-05
"egfr",4.66666666666667,"04:40",-4.19117337254549e-09,-4.21327487578452e-05,4.21243664111001e-05
"egfr",4.75,"04:45",-3.73305761712632e-09,-4.20855330073017e-05,4.20780668920674e-05
"egfr",4.83333333333333,"04:50",-3.27467098413265e-09,-4.20362459918661e-05,4.20296966498979e-05
"egfr",4.91666666666667,"04:55",-2.81657912510824e-09,-4.19873907138884e-05,4.19817575556382e-05
"egfr",5,"05:00",-2.3679200331e-09,-4.19523510345597e-05,4.19476151944935e-05
"egfr",5.08333333333333,"05:05",-1.91926094109178e-09,-4.1917311355231e-05,4.19134728333488e-05
"egfr",5.16666666666667,"05:10",-1.47567940269098e-09,-4.1889634021006e-05,4.18866826622006e-05
"egfr",5.25,"05:15",-1.04796521931339e-09,-4.18849640152299e-05,4.18828680847913e-05
"egfr",5.33333333333333,"05:20",-6.20251035935803e-10,-4.18802940094539e-05,4.1879053507382e-05
"egfr",5.41666666666667,"05:25",-2.07156069047242e-10,-4.18902982522272e-05,4.18898839400891e-05
"egfr",5.5,"05:30",1.88395838054497e-10,-4.19179115932598e-05,4.19182883849359e-05
"egfr",5.58333333333333,"05:35",5.83947745156231e-10,-4.19455249342924e-05,4.19466928297827e-05
"egfr",5.66666666666667,"05:40",9.50579889643928e-10,-4.19861056572345e-05,4.19880068170138e-05
"egfr",5.75,"05:45",1.30275215282461e-09,-4.20331700711313e-05,4.20357755754369e-05
"egfr",5.83333333333333,"05:50",1.65492441600529e-09,-4.20802344850281e-05,4.20835443338601e-05
"egfr",5.91666666666667,"05:55",1.95911748720349e-09,-4.21234010183213e-05,4.21273192532957e-05
"egfr",6,"06:00",2.25669273881791e-09,-4.21660299129106e-05,4.21705432983882e-05
"egfr",6.08333333333333,"06:05",2.54829036440621e-09,-4.22057678730496e-05,4.22108644537784e-05
"egfr",6.16666666666667,"06:10",2.78011172973327e-09,-4.22165964886859e-05,4.22221567121454e-05
"egfr",6.25,"06:15",3.01193309506033e-09,-4.22274251043222e-05,4.22334489705123e-05
"egfr",6.33333333333333,"06:20",3.2226662430568e-09,-4.22257661469839e-05,4.223221147947e-05
"egfr",6.41666666666667,"06:25",3.38489649119289e-09,-4.21953857718042e-05,4.22021555647866e-05
"egfr",6.5,"06:30",3.54712673932899e-09,-4.21650053966244e-05,4.21720996501031e-05
"egfr",6.58333333333333,"06:35",3.67885357274441e-09,-4.2125187158563e-05,4.21325448657085e-05
"egfr",6.66666666666667,"06:40",3.78187130995214e-09,-4.20764862260248e-05,4.20840499686447e-05
"egfr",6.75,"06:45",3.88488904715986e-09,-4.20277852934865e-05,4.20355550715808e-05
"egfr",6.83333333333333,"06:50",3.9535790783932e-09,-4.19852677875614e-05,4.19931749457181e-05
"egfr",6.91666666666667,"06:55",4.00939621988615e-09,-4.19450690666162e-05,4.19530878590559e-05
"egfr",7,"07:00",4.0652133613791e-09,-4.1904870345671e-05,4.19130007723937e-05
"egfr",7.08333333333333,"07:05",4.08797446967397e-09,-4.18905733421693e-05,4.18987492911087e-05
"egfr",7.16666666666667,"07:10",4.10860293066574e-09,-4.18779474172124e-05,4.18861646230738e-05
"egfr",7.25,"07:15",4.12571976055333e-09,-4.1870356967983e-05,4.18786084075041e-05
"egfr",7.33333333333333,"07:20",4.12317145625752e-09,-4.18909651828276e-05,4.18992115257401e-05
"egfr",7.41666666666667,"07:25",4.1206231519617e-09,-4.19115733976722e-05,4.19198146439762e-05
"egfr",7.5,"07:30",4.11401490218444e-09,-4.19408650859852e-05,4.19490931157896e-05
"egfr",7.58333333333333,"07:35",4.10030174781465e-09,-4.19853528528679e-05,4.19935534563636e-05
"egfr",7.66666666666667,"07:40",4.08658859344485e-09,-4.20298406197506e-05,4.20380137969375e-05
"egfr",7.75,"07:45",4.07336314324635e-09,-4.20755778207163e-05,4.20837245470028e-05
"egfr",7.83333333333333,"07:50",4.06049705401617e-09,-4.21222356573222e-05,4.21303566514303e-05
"egfr",7.91666666666667,"07:55",4.04763096478599e-09,-4.21688934939281e-05,4.21769887558577e-05
"egfr",8,"08:00",4.04489619340985e-09,-4.21956117984826e-05,4.22037015908695e-05
"egfr",8.08333333333333,"08:05",4.04488908453289e-09,-4.22169617674849e-05,4.22250515456539e-05
"egfr",8.16666666666667,"08:10",4.04488197565592e-09,-4.22383117364871e-05,4.22464015004384e-05
"egfr",8.25,"08:15",4.06698427775944e-09,-4.2216939646894e-05,4.22250736154495e-05
"egfr",8.33333333333333,"08:20",4.08908657986296e-09,-4.2195567557301e-05,4.22037457304607e-05
"egfr",8.41666666666667,"08:25",4.11549789174943e-09,-4.21688255508325e-05,4.2177056546616e-05
"egfr",8.5,"08:30",4.15791409711542e-09,-4.2122138138827e-05,4.21304539670212e-05
"egfr",8.58333333333333,"08:35",4.20033030248142e-09,-4.20754507268214e-05,4.20838513874263e-05
"egfr",8.66666666666667,"08:40",4.24943125795087e-09,-4.20296776252346e-05,4.20381764877505e-05
"egfr",8.75,"08:45",4.307604374275e-09,-4.19851453735019e-05,4.19937605822504e-05
"egfr",8.83333333333333,"08:50",4.36577749059914e-09,-4.19406131217692e-05,4.19493446767504e-05
"egfr",8.91666666666667,"08:55",4.43107782788479e-09,-4.19112627170022e-05,4.19201248726579e-05
"egfr",9,"09:00",4.50045086286274e-09,-4.18905876533584e-05,4.18995885550841e-05
"egfr",9.08333333333333,"09:05",4.56982389784068e-09,-4.18699125897147e-05,4.18790522375104e-05
"egfr",9.16666666666667,"09:10",4.64483335517575e-09,-4.18774108896687e-05,4.18867005563791e-05
"egfr",9.25,"09:15",4.72084931650317e-09,-4.18899401474081e-05,4.18993818460411e-05
"egfr",9.33333333333333,"09:20",4.79699169807574e-09,-4.19041382247228e-05,4.19137322081189e-05
"egfr",9.41666666666667,"09:25",4.87509359344829e-09,-4.1944203005454e-05,4.19539531926409e-05
"egfr",9.5,"09:30",4.95319548882085e-09,-4.19842677861853e-05,4.1994174177163e-05
"egfr",9.58333333333333,"09:35",5.03062345921362e-09,-4.20266391534113e-05,4.20367004003297e-05
"egfr",9.66666666666667,"09:40",5.10625429632697e-09,-4.20751614179565e-05,4.20853739265491e-05
"egfr",9.75,"09:45",5.18188513344033e-09,-4.21236836825017e-05,4.21340474527685e-05
"egfr",9.83333333333333,"09:50",5.25410843088652e-09,-4.21632979518323e-05,4.2173806168694e-05
"egfr",9.91666666666667,"09:55",5.32271121743634e-09,-4.21934474762473e-05,4.22040928986822e-05
"egfr",10,"10:00",5.39131400398617e-09,-4.22235970006624e-05,4.22343796286704e-05
"egfr",10.0833333333333,"10:05",5.4522508111905e-09,-4.22249842713922e-05,4.22358887730146e-05
"egfr",10.1666666666667,"10:10",5.5098545838968e-09,-4.22138662144328e-05,4.22248859236006e-05
"egfr",10.25,"10:15",5.5674583566031e-09,-4.22027481574734e-05,4.22138830741866e-05
"egfr",10.3333333333333,"10:20",5.61608998918769e-09,-4.21626699535053e-05,4.21739021334837e-05
"egfr",10.4166666666667,"10:25",5.66382440776011e-09,-4.21196957348364e-05,4.21310233836519e-05
"egfr",10.5,"10:30",5.71081780618659e-09,-4.20761780009454e-05,4.20875996365578e-05
"egfr",10.5833333333333,"10:35",5.75243880855497e-09,-4.20287197816952e-05,4.20402246593123e-05
"egfr",10.6666666666667,"10:40",5.79405981092336e-09,-4.19812615624449e-05,4.19928496820667e-05
"egfr",10.75,"10:45",5.83490222212657e-09,-4.19402733538239e-05,4.19519431582682e-05
"egfr",10.8333333333333,"10:50",5.87418745099943e-09,-4.19122251664616e-05,4.19239735413636e-05
"egfr",10.9166666666667,"10:55",5.9134726798723e-09,-4.18841769790992e-05,4.1896003924459e-05
"egfr",11,"11:00",5.95354438286136e-09,-4.18737195622686e-05,4.18856266510343e-05
"egfr",11.0833333333333,"11:05",5.99427148094723e-09,-4.1877921120881e-05,4.18899096638429e-05
"egfr",11.1666666666667,"11:10",6.03499857903311e-09,-4.18821226794935e-05,4.18941926766515e-05
"egfr",11.25,"11:15",6.07967985281711e-09,-4.19093117476343e-05,4.192147110734e-05
"egfr",11.3333333333333,"11:20",6.12562646282451e-09,-4.19438568188243e-05,4.195610807175e-05
"egfr",11.4166666666667,"11:25",6.17157307283191e-09,-4.19784018900143e-05,4.199074503616e-05
"egfr",11.5,"11:30",6.22624419641997e-09,-4.20267444057496e-05,4.20391968941425e-05
"egfr",11.5833333333333,"11:35",6.28118796105743e-09,-4.2075518091627e-05,4.20880804675491e-05
"egfr",11.6666666666667,"11:40",6.33845441612007e-09,-4.21222184613274e-05,4.21348953701597e-05
"egfr",11.75,"11:45",6.4061729780961e-09,-4.21595889082319e-05,4.21724012541881e-05
"egfr",11.8333333333333,"11:50",6.47389154007212e-09,-4.21969593551363e-05,4.22099071382165e-05
"egfr",11.9166666666667,"11:55",6.54806514397669e-09,-4.22195749787848e-05,4.22326711090728e-05
"egfr",12,"12:00",6.63216958161748e-09,-4.22194908743472e-05,4.22327552135104e-05
"egfr",12.0833333333333,"12:05",6.71627401925826e-09,-4.22194067699095e-05,4.2232839317948e-05
"egfr",12.1666666666667,"12:10",6.81017601641252e-09,-4.219662307066e-05,4.22102434226928e-05
"egfr",12.25,"12:15",6.91044642725053e-09,-4.21590846347827e-05,4.21729055276372e-05
"egfr",12.3333333333333,"12:20",7.01071683808855e-09,-4.21215461989054e-05,4.21355676325816e-05
"egfr",12.4166666666667,"12:25",7.12089959523783e-09,-4.20746783799928e-05,4.20889201791832e-05
"egfr",12.5,"12:30",7.23328509601184e-09,-4.202573736485e-05,4.2040203935042e-05
"egfr",12.5833333333333,"12:35",7.34590991927956e-09,-4.19772275531678e-05,4.19919193730064e-05
"egfr",12.6666666666667,"12:40",7.46619306234598e-09,-4.19425162522247e-05,4.19574486383494e-05
"egfr",12.75,"12:45",7.58647620541241e-09,-4.19078049512817e-05,4.19229779036925e-05
"egfr",12.8333333333333,"12:50",7.70765151687855e-09,-4.18804500265555e-05,4.18958653295893e-05
"egfr",12.9166666666667,"12:55",7.83161485459382e-09,-4.18760837775073e-05,4.18917470072165e-05
"egfr",13,"13:00",7.95557819230909e-09,-4.1871717528459e-05,4.18876286848437e-05
"egfr",13.0833333333333,"13:05",8.07929732411766e-09,-4.18820111544549e-05,4.18981697491031e-05
"egfr",13.1666666666667,"13:10",8.20272340883819e-09,-4.19098966305036e-05,4.19263020773213e-05
"egfr",13.25,"13:15",8.32614949355873e-09,-4.19377821065524e-05,4.19544344055395e-05
"egfr",13.3333333333333,"13:20",8.44640577785372e-09,-4.19786092164778e-05,4.19955020280336e-05
"egfr",13.4166666666667,"13:25",8.56507716193595e-09,-4.20259071433417e-05,4.20430372976655e-05
"egfr",13.5,"13:30",8.68374854601817e-09,-4.20732050702055e-05,4.20905725672975e-05
"egfr",13.5833333333333,"13:35",8.79453531494359e-09,-4.2116565023929e-05,4.21341540945589e-05
"egfr",13.6666666666667,"13:40",8.90423455074394e-09,-4.21593818089436e-05,4.21771902780451e-05
"egfr",13.75,"13:45",9.01273536389804e-09,-4.2199302880466e-05,4.22173283511938e-05
"egfr",13.8333333333333,"13:50",9.10925195058975e-09,-4.2210266817066e-05,4.22284853209671e-05
"egfr",13.9166666666667,"13:55",9.20576853728146e-09,-4.2221230753666e-05,4.22396422907405e-05
"egfr",14,"14:00",9.29726918909453e-09,-4.22196910454771e-05,4.22382855838553e-05
"egfr",14.0833333333333,"14:05",9.37723319068672e-09,-4.21893929542739e-05,4.22081474206553e-05
"egfr",14.1666666666667,"14:10",9.45719719227891e-09,-4.21590948630707e-05,4.21780092574553e-05
"egfr",14.25,"14:15",9.5277390628008e-09,-4.21193378285721e-05,4.21383933066978e-05
"egfr",14.3333333333333,"14:20",9.58941304525654e-09,-4.20706782592074e-05,4.20898570852979e-05
"egfr",14.4166666666667,"14:25",9.65108702771227e-09,-4.20220186898426e-05,4.20413208638981e-05
"egfr",14.5,"14:30",9.69833199989955e-09,-4.19795226496741e-05,4.19989193136739e-05
"egfr",14.5833333333333,"14:35",9.74016609323617e-09,-4.19393379329541e-05,4.19588182651406e-05
"egfr",14.6666666666667,"14:40",9.78200018657279e-09,-4.18991532162341e-05,4.19187172166073e-05
"egfr",14.75,"14:45",9.8037408698441e-09,-4.18848572558546e-05,4.19044647375943e-05
"egfr",14.8333333333333,"14:50",9.82418520407895e-09,-4.18722315378197e-05,4.18918799082278e-05
"egfr",14.9166666666667,"14:55",9.84115383693737e-09,-4.18646412597754e-05,4.18843235674493e-05
"egfr",15,"15:00",9.83865854208779e-09,-4.1885249445679e-05,4.19049267627632e-05
"egfr",15.0833333333333,"15:05",9.83616324723821e-09,-4.19058576315827e-05,4.19255299580771e-05
"egfr",15.1666666666667,"15:10",9.8247626800006e-09,-4.19351541365796e-05,4.19548036619396e-05
"egfr",15.25,"15:15",9.79777788608393e-09,-4.19796551999899e-05,4.19992507557621e-05
"egfr",15.3333333333333,"15:20",9.77079309216727e-09,-4.20241562634002e-05,4.20436978495846e-05
"egfr",15.4166666666667,"15:25",9.72881593425227e-09,-4.20699222411895e-05,4.2089379873058e-05
"egfr",15.5,"15:30",9.67579177128587e-09,-4.21166202611526e-05,4.21359718446952e-05
"egfr",15.5833333333333,"15:35",9.62276760831947e-09,-4.21633182811158e-05,4.21825638163324e-05
"egfr",15.6666666666667,"15:40",9.54800646914573e-09,-4.21901086374115e-05,4.22092046503498e-05
"egfr",15.75,"15:45",9.46739306714694e-09,-4.22115392381045e-05,4.22304740242388e-05
"egfr",15.8333333333333,"15:50",9.38677966514814e-09,-4.22329698387975e-05,4.22517433981278e-05
"egfr",15.9166666666667,"15:55",9.27745626651254e-09,-4.22117292003028e-05,4.22302841128358e-05
"egfr",16,"16:00",9.16813286787693e-09,-4.21904885618081e-05,4.22088248275438e-05
"egfr",16.0833333333333,"16:05",9.05284582884443e-09,-4.21638882790639e-05,4.21819939707216e-05
"egfr",16.1666666666667,"16:10",8.91540812548057e-09,-4.21173807462507e-05,4.21352115625016e-05
"egfr",16.25,"16:15",8.7779704221167e-09,-4.20708732134374e-05,4.20884291542816e-05
"egfr",16.3333333333333,"16:20",8.62904020341404e-09,-4.20252981681405e-05,4.20425562485474e-05
"egfr",16.4166666666667,"16:25",8.46451299960872e-09,-4.1980988641616e-05,4.19979176676152e-05
"egfr",16.5,"16:30",8.29998579580338e-09,-4.19366791150915e-05,4.19532790866831e-05
"egfr",16.5833333333333,"16:35",8.11887196717235e-09,-4.19075751488569e-05,4.19238128927913e-05
"egfr",16.6666666666667,"16:40",7.92828006721235e-09,-4.18871600742166e-05,4.1903016634351e-05
"egfr",16.75,"16:45",7.73768816725233e-09,-4.18667449995762e-05,4.18822203759107e-05
"egfr",16.8333333333333,"16:50",7.52585029843473e-09,-4.18745301698445e-05,4.18895818704414e-05
"egfr",16.9166666666667,"16:55",7.31021850660684e-09,-4.18873510981323e-05,4.19019715351455e-05
"egfr",17,"17:00",7.09313125492554e-09,-4.19018424277773e-05,4.19160286902872e-05
"egfr",17.0833333333333,"17:05",6.85348437551656e-09,-4.19422249784604e-05,4.19559319472115e-05
"egfr",17.1666666666667,"17:10",6.61383749610757e-09,-4.19826075291435e-05,4.19958352041358e-05
"egfr",17.25,"17:15",6.3679205394365e-09,-4.20253022619941e-05,4.2038038103073e-05
"egfr",17.3333333333333,"17:20",6.10528337673321e-09,-4.20741628139579e-05,4.20863733807114e-05
"egfr",17.4166666666667,"17:25",5.84264621402992e-09,-4.21230233659217e-05,4.21347086583497e-05
"egfr",17.5,"17:30",5.56935912211085e-09,-4.21629831642416e-05,4.21741218824858e-05
"egfr",17.5833333333333,"17:35",5.28475648040005e-09,-4.21934859118149e-05,4.22040554247757e-05
"egfr",17.6666666666667,"17:40",5.00015383868925e-09,-4.22239886593882e-05,4.22339889670656e-05
"egfr",17.75,"17:45",4.70108645115613e-09,-4.2225735950966e-05,4.22351381238683e-05
"egfr",17.8333333333333,"17:50",4.39573004370029e-09,-4.22149808703718e-05,4.22237723304592e-05
"egfr",17.9166666666667,"17:55",4.09037363624445e-09,-4.22042257897777e-05,4.22124065370502e-05
"egfr",18,"18:00",3.76873063593527e-09,-4.21645178750134e-05,4.21720553362853e-05
"egfr",18.0833333333333,"18:05",3.44545897634078e-09,-4.21219146768321e-05,4.21288055947848e-05
"egfr",18.1666666666667,"18:10",3.12046136408944e-09,-4.207876894808e-05,4.20850098708081e-05
"egfr",18.25,"18:15",2.78295059507593e-09,-4.2031689872689e-05,4.20372557738791e-05
"egfr",18.3333333333333,"18:20",2.44543982606243e-09,-4.1984610797298e-05,4.19895016769502e-05
"egfr",18.4166666666667,"18:25",2.10441037566736e-09,-4.19440044716619e-05,4.19482132924132e-05
"egfr",18.5,"18:30",1.75634356250913e-09,-4.19163436455353e-05,4.19198563326603e-05
"egfr",18.5833333333333,"18:35",1.40827674935092e-09,-4.18886828194088e-05,4.18914993729075e-05
"egfr",18.6666666666667,"18:40",1.05646103862702e-09,-4.18786172973793e-05,4.18807302194565e-05
"egfr",18.75,"18:45",7.01521246598374e-10,-4.1883214528764e-05,4.18846175712572e-05
"egfr",18.8333333333333,"18:50",3.46581454569743e-10,-4.18878117601487e-05,4.18885049230579e-05
"egfr",18.9166666666667,"18:55",-1.07749386680729e-11,-4.19154028692286e-05,4.19153813193512e-05
"egfr",19,"19:00",-3.68904644292843e-10,-4.19503520191709e-05,4.19496142098823e-05
"egfr",19.0833333333333,"19:05",-7.27034349917598e-10,-4.19853011691132e-05,4.19838471004133e-05
"egfr",19.1666666666667,"19:10",-1.08468584785443e-09,-4.20340560067298e-05,4.20318866350341e-05
"egfr",19.25,"19:15",-1.44232240180103e-09,-4.20832422720863e-05,4.20803576272827e-05
"egfr",19.3333333333333,"19:20",-1.79919964357443e-09,-4.21303567841162e-05,4.2126758384829e-05
"egfr",19.4166666666667,"19:25",-2.15265998056855e-09,-4.21681484061762e-05,4.2163843086215e-05
"egfr",19.5,"19:30",-2.50612031756268e-09,-4.22059400282362e-05,4.2200927787601e-05
"egfr",19.5833333333333,"19:35",-2.85648585123384e-09,-4.22289801862832e-05,4.22232672145807e-05
"egfr",19.6666666666667,"19:40",-3.20209014902353e-09,-4.22293257843101e-05,4.22229216040121e-05
"egfr",19.75,"19:45",-3.54769444681324e-09,-4.22296713823371e-05,4.22225759934434e-05
"egfr",19.8333333333333,"19:50",-3.88635251918316e-09,-4.22073202352708e-05,4.21995475302324e-05
"egfr",19.9166666666667,"19:55",-4.22049554503024e-09,-4.21702162038939e-05,4.21617752128038e-05
"egfr",20,"20:00",-4.55463857087733e-09,-4.2133112172517e-05,4.21240028953752e-05
"egfr",20.0833333333333,"20:05",-4.87651548431501e-09,-4.2086676401665e-05,4.20769233706963e-05
"egfr",20.1666666666667,"20:10",-5.19566659499504e-09,-4.20381669109296e-05,4.20277755777396e-05
"egfr",20.25,"20:15",-5.51425651430027e-09,-4.19900883016715e-05,4.19790597886429e-05
"egfr",20.3333333333333,"20:20",-5.81488830961118e-09,-4.19557978996866e-05,4.19441681230674e-05
"egfr",20.4166666666667,"20:25",-6.11552010492208e-09,-4.19215074977017e-05,4.19092764574918e-05
"egfr",20.5,"20:30",-6.41080724191271e-09,-4.18945690184713e-05,4.18817474039874e-05
"egfr",20.5833333333333,"20:35",-6.6893923216524e-09,-4.18906052978486e-05,4.18772265132054e-05
"egfr",20.6666666666667,"20:40",-6.96797740139209e-09,-4.1886641577226e-05,4.18727056224233e-05
"egfr",20.75,"20:45",-7.23493788305301e-09,-4.18973258610603e-05,4.18828559852942e-05
"egfr",20.8333333333333,"20:50",-7.4879488470194e-09,-4.1925587750243e-05,4.19106118525489e-05
"egfr",20.9166666666667,"20:55",-7.74095981098579e-09,-4.19538496394256e-05,4.19383677198036e-05
"egfr",21,"21:00",-7.97456976430193e-09,-4.19950305892813e-05,4.19790814497526e-05
"egfr",21.0833333333333,"21:05",-8.19847921229293e-09,-4.20426710694734e-05,4.20262741110488e-05
"egfr",21.1666666666667,"21:10",-8.42238866028392e-09,-4.20903115496656e-05,4.20734667723451e-05
"egfr",21.25,"21:15",-8.61762421224018e-09,-4.21339774954121e-05,4.21167422469877e-05
"egfr",21.3333333333333,"21:20",-8.8089047440537e-09,-4.2177095229511e-05,4.21594774200229e-05
"egfr",21.4166666666667,"21:25",-8.9969010719244e-09,-4.22173127672298e-05,4.2199318965086e-05
"egfr",21.5,"21:30",-9.15205536036701e-09,-4.22285283411487e-05,4.22102242304279e-05
"egfr",21.5833333333333,"21:35",-9.3072096488096e-09,-4.22397439150675e-05,4.22211294957699e-05
"egfr",21.6666666666667,"21:40",-9.4514594716404e-09,-4.22384399230336e-05,4.22195370040904e-05
"egfr",21.75,"21:45",-9.57062902356408e-09,-4.22083409293086e-05,4.21891996712615e-05
"egfr",21.8333333333333,"21:50",-9.68979857548775e-09,-4.21782419355836e-05,4.21588623384326e-05
"egfr",21.9166666666667,"21:55",-9.79414408999263e-09,-4.21386597515509e-05,4.21190714633709e-05
"egfr",22,"22:00",-9.88453756927981e-09,-4.20901522119344e-05,4.20703831367958e-05
"egfr",22.0833333333333,"22:05",-9.97493104856699e-09,-4.20416446723179e-05,4.20216948102208e-05
"egfr",22.1666666666667,"22:10",-1.00502296642027e-08,-4.19992711377742e-05,4.19791706784458e-05
"egfr",22.25,"22:15",-1.01198677059691e-08,-4.19591978551328e-05,4.19389581197209e-05
"egfr",22.3333333333333,"22:20",-1.01895057477355e-08,-4.19191245724915e-05,4.1898745560996e-05
"egfr",22.4166666666667,"22:25",-1.02471807933032e-08,-4.19049079909968e-05,4.18844136294102e-05
"egfr",22.5,"22:30",-1.03040840326645e-08,-4.18923595837698e-05,4.18717514157044e-05
"egfr",22.5833333333333,"22:35",-1.03602730042547e-08,-4.18848424270277e-05,4.18641218810192e-05
"egfr",22.6666666666667,"22:40",-1.04124620763267e-08,-4.19055002730015e-05,4.18846753488488e-05
"egfr",22.75,"22:45",-1.04646511483986e-08,-4.19261581189753e-05,4.19052288166785e-05
"egfr",22.8333333333333,"22:50",-1.05180425724075e-08,-4.19554965828252e-05,4.19344604976804e-05
"egfr",22.9166666666667,"22:55",-1.05735381123058e-08,-4.20000261279582e-05,4.19788790517336e-05
"egfr",23,"23:00",-1.06290336522041e-08,-4.20445556730912e-05,4.20232976057868e-05
"egfr",23.0833333333333,"23:05",-1.06910508574326e-08,-4.20903416653294e-05,4.20689595636146e-05
"egfr",23.1666666666667,"23:10",-1.0757873500273e-08,-4.21370534606979e-05,4.21155377136973e-05
"egfr",23.25,"23:15",-1.08246961431134e-08,-4.21837652560663e-05,4.21621158637801e-05
"egfr",23.3333333333333,"23:20",-1.09067624583629e-08,-4.22105628998122e-05,4.21887493748955e-05
"egfr",23.4166666666667,"23:25",-1.0992932839261e-08,-4.22319990411981e-05,4.22100131755196e-05
"egfr",23.5,"23:30",-1.10791032201592e-08,-4.2253435182584e-05,4.22312769761437e-05
"egfr",23.5833333333333,"23:35",-1.10791032201592e-08,-4.2253435182584e-05,4.22312769761437e-05
"egfr",23.6666666666667,"23:40",-1.10791032201592e-08,-4.2253435182584e-05,4.22312769761437e-05
"egfr",23.75,"23:45",-1.10791032201592e-08,-4.2253435182584e-05,4.22312769761437e-05
"egfr",23.8333333333333,"23:50",-1.10791032201592e-08,-4.2253435182584e-05,4.22312769761437e-05
"egfr",23.9166666666667,"23:55",-1.10791032201592e-08,-4.2253435182584e-05,4.22312769761437e-05
"egfr",24,"24:00",-1.10791032201592e-08,-4.2253435182584e-05,4.22312769761437e-05
"tc",0,"00:00",-5.36127325938675e-07,-0.00140259317192382,0.00140152091727194
"tc",0.0833333333333333,"00:05",-5.36127325938675e-07,-0.00140259317192382,0.00140152091727194
"tc",0.166666666666667,"00:10",-5.36127325938675e-07,-0.00140259317192382,0.00140152091727194
"tc",0.25,"00:15",-5.36127325938675e-07,-0.00140259317192382,0.00140152091727194
"tc",0.333333333333333,"00:20",-5.36127325938675e-07,-0.00140259317192382,0.00140152091727194
"tc",0.416666666666667,"00:25",-5.36127325938675e-07,-0.00140259317192382,0.00140152091727194
"tc",0.5,"00:30",-5.36127325938675e-07,-0.00140259317192382,0.00140152091727194
"tc",0.583333333333333,"00:35",-5.51105662810818e-07,-0.00140189952779074,0.00140079731646511
"tc",0.666666666666667,"00:40",-5.6608399968296e-07,-0.00140120588365766,0.00140007371565829
"tc",0.75,"00:45",-5.81270018842699e-07,-0.00140033435848943,0.00139917181845174
"tc",0.833333333333333,"00:50",-5.97227429356369e-07,-0.0013988021323335,0.00139760767747479
"tc",0.916666666666667,"00:55",-6.13184839870038e-07,-0.00139726990617757,0.00139604353649783
"tc",1,"01:00",-6.29260302608925e-07,-0.00139576836679665,0.00139450984619144
"tc",1.08333333333333,"01:05",-6.45495979082034e-07,-0.00139430847375325,0.00139301748179509
"tc",1.16666666666667,"01:10",-6.61731655555144e-07,-0.00139284858070985,0.00139152511739874
"tc",1.25,"01:15",-6.77698441841115e-07,-0.00139189255314365,0.00139053715625997
"tc",1.33333333333333,"01:20",-6.93511576591578e-07,-0.00139122444870728,0.0013898374255541
"tc",1.41666666666667,"01:25",-7.0932471134204e-07,-0.00139055634427091,0.00138913769484823
"tc",1.5,"01:30",-7.24184701143032e-07,-0.00139082257036487,0.00138937420096258
"tc",1.58333333333333,"01:35",-7.38874486488761e-07,-0.00139125564119638,0.0013897778922234
"tc",1.66666666666667,"01:40",-7.53453716859531e-07,-0.00139174399512824,0.00139023708769452
"tc",1.75,"01:45",-7.66319345118439e-07,-0.00139308923711552,0.00139155659842528
"tc",1.83333333333333,"01:50",-7.79184973377347e-07,-0.00139443447910279,0.00139287610915604
"tc",1.91666666666667,"01:55",-7.91361974881099e-07,-0.0013958555675381,0.00139427284358834
"tc",2,"02:00",-8.01702638371099e-07,-0.00139747891316816,0.00139587550789142
"tc",2.08333333333333,"02:05",-8.120433018611e-07,-0.00139910225879822,0.0013974781721945
"tc",2.16666666666667,"02:10",-8.20819954465769e-07,-0.0014004282637994,0.00139878662389046
"tc",2.25,"02:15",-8.27934845504775e-07,-0.00140143834438238,0.00139978247469137
"tc",2.33333333333333,"02:20",-8.35049736543781e-07,-0.00140244842496536,0.00140077832549228
"tc",2.41666666666667,"02:25",-8.3947944616212e-07,-0.00140250092366517,0.00140082196477285
"tc",2.5,"02:30",-8.4274168559756e-07,-0.00140213708241578,0.00140045159904458
"tc",2.58333333333333,"02:35",-8.46003925033e-07,-0.00140177324116638,0.00140008123331631
"tc",2.66666666666667,"02:40",-8.45778820159366e-07,-0.00140044440422928,0.00139875284658896
"tc",2.75,"02:45",-8.45204980854825e-07,-0.0013990190677234,0.00139732865776169
"tc",2.83333333333333,"02:50",-8.44208329848415e-07,-0.00139757524408425,0.00139588682742455
"tc",2.91666666666667,"02:55",-8.40146294003457e-07,-0.00139599738872879,0.00139431709614079
"tc",3,"03:00",-8.36084258158498e-07,-0.00139441953337334,0.00139274736485702
"tc",3.08333333333333,"03:05",-8.30976363564483e-07,-0.00139305535106831,0.00139139339834118
"tc",3.16666666666667,"03:10",-8.23776751472356e-07,-0.00139211851486412,0.00139047096136117
"tc",3.25,"03:15",-8.16577139380229e-07,-0.00139118167865993,0.00138954852438117
"tc",3.33333333333333,"03:20",-8.07857369495054e-07,-0.00139082720000404,0.00138921148526505
"tc",3.41666666666667,"03:25",-7.97870801449007e-07,-0.00139095801930508,0.00138936227770218
"tc",3.5,"03:30",-7.8788423340296e-07,-0.00139108883860612,0.00138951307013931
"tc",3.58333333333333,"03:35",-7.76051956523072e-07,-0.00139198091707285,0.0013904288131598
"tc",3.66666666666667,"03:40",-7.63629052816354e-07,-0.0013931165984726,0.00139158934036696
"tc",3.75,"03:45",-7.51206149109636e-07,-0.00139425227987234,0.00139274986757412
"tc",3.83333333333333,"03:50",-7.36760733531479e-07,-0.00139584417633907,0.00139437065487201
"tc",3.91666666666667,"03:55",-7.22252114457339e-07,-0.00139745032952664,0.00139600582529773
"tc",4,"04:00",-7.07428023551531e-07,-0.00139898742928402,0.00139757257323692
"tc",4.08333333333333,"04:05",-6.91184309403219e-07,-0.00140021378860556,0.00139883141998675
"tc",4.16666666666667,"04:10",-6.74940595254906e-07,-0.0014014401479271,0.00140009026673659
"tc",4.25,"04:15",-6.58151965376067e-07,-0.00140217645216635,0.0014008601482356
"tc",4.33333333333333,"04:20",-6.40525003604111e-07,-0.00140215882550977,0.00140087777550256
"tc",4.41666666666667,"04:25",-6.22898041832154e-07,-0.00140214119885319,0.00140089540276953
"tc",4.5,"04:30",-6.04663094874938e-07,-0.00140136987165343,0.00140016054546368
"tc",4.58333333333333,"04:35",-5.86032957547303e-07,-0.00140010863910059,0.00139893657318549
"tc",4.66666666666667,"04:40",-5.67402820219668e-07,-0.00139884740654775,0.00139771260090731
"tc",4.75,"04:45",-5.48285963816352e-07,-0.00139727636648522,0.00139617979455759
"tc",4.83333333333333,"04:50",-5.29060947618441e-07,-0.00139563648030944,0.0013945783584142
"tc",4.91666666666667,"04:55",-5.09830314601511e-07,-0.00139401090844236,0.00139299124781316
"tc",5,"05:00",-4.90419943376006e-07,-0.00139284339445418,0.00139186255456742
"tc",5.08333333333333,"05:05",-4.710095721505e-07,-0.00139167588046599,0.00139073386132169
"tc",5.16666666666667,"05:10",-4.51653544880168e-07,-0.00139075261439325,0.00138984930730349
"tc",5.25,"05:15",-4.3246734246975e-07,-0.00139059262305628,0.00138972768837134
"tc",5.33333333333333,"05:20",-4.13281140059333e-07,-0.00139043263171932,0.0013896060694392
"tc",5.41666666666667,"05:25",-3.94382979766084e-07,-0.00139075949320447,0.00138997072724494
"tc",5.5,"05:30",-3.75830470013437e-07,-0.00139167057807617,0.00139091891713614
"tc",5.58333333333333,"05:35",-3.5727796026079e-07,-0.00139258166294786,0.00139186710702734
"tc",5.66666666666667,"05:40",-3.39420928175111e-07,-0.00139392288115732,0.00139324403930097
"tc",5.75,"05:45",-3.21911634922916e-07,-0.00139547916603565,0.00139483534276581
"tc",5.83333333333333,"05:50",-3.04402341670721e-07,-0.00139703545091399,0.00139642664623065
"tc",5.91666666666667,"05:55",-2.88169699023099e-07,-0.00139846204617639,0.00139788570677834
"tc",6,"06:00",-2.72113146114038e-07,-0.00139987075321589,0.00139932652692366
"tc",6.08333333333333,"06:05",-2.56225709623616e-07,-0.00140118347854555,0.0014006710271263
"tc",6.16666666666667,"06:10",-2.42029437319569e-07,-0.0014015363867767,0.00140105232790206
"tc",6.25,"06:15",-2.27833165015523e-07,-0.00140188929500785,0.00140143362867782
"tc",6.33333333333333,"06:20",-2.14251379859894e-07,-0.0014018276452718,0.00140139914251208
"tc",6.41666666666667,"06:25",-2.02082915145627e-07,-0.0014008125122112,0.00140040834638091
"tc",6.5,"06:30",-1.8991445043136e-07,-0.0013997973791506,0.00139941755024974
"tc",6.58333333333333,"06:35",-1.78636782155301e-07,-0.00139846887423961,0.0013981116006753
"tc",6.66666666666667,"06:40",-1.68197510526968e-07,-0.00139684543111649,0.00139650903609544
"tc",6.75,"06:45",-1.57758238898634e-07,-0.00139522198799337,0.00139490647151558
"tc",6.83333333333333,"06:50",-1.48320437743332e-07,-0.0013938036398261,0.00139350699895062
"tc",6.91666666666667,"06:55",-1.39258188015417e-07,-0.00139246220226728,0.00139218368589125
"tc",7,"07:00",-1.30195938287501e-07,-0.00139112076470846,0.00139086037283188
"tc",7.08333333333333,"07:05",-1.22096427109949e-07,-0.00139063889139606,0.00139039469854184
"tc",7.16666666666667,"07:10",-1.14059028096937e-07,-0.0013902124738415,0.0013899843557853
"tc",7.25,"07:15",-1.0612355022474e-07,-0.00138995317311197,0.00138974092601152
"tc",7.33333333333333,"07:20",-9.87588307411146e-08,-0.00139062972660263,0.00139043220894115
"tc",7.41666666666667,"07:25",-9.13941112574891e-08,-0.0013913062800933,0.00139112349187079
"tc",7.5,"07:30",-8.4145940262544e-08,-0.00139227102679366,0.00139210273491314
"tc",7.58333333333333,"07:35",-7.71017291227899e-08,-0.001393740111611,0.00139358590815275
"tc",7.66666666666667,"07:40",-7.00575179830358e-08,-0.00139520919642834,0.00139506908139237
"tc",7.75,"07:45",-6.29950767223351e-08,-0.00139671974891494,0.00139659375876149
"tc",7.83333333333333,"07:50",-5.5919202740937e-08,-0.00139826085652626,0.00139814901812078
"tc",7.91666666666667,"07:55",-4.88433287595389e-08,-0.00139980196413758,0.00139970427748006
"tc",8,"08:00",-4.14650400900755e-08,-0.00140068129661568,0.0014005983665355
"tc",8.08333333333333,"08:05",-3.40053320815179e-08,-0.0014013824588656,0.00140131444820144
"tc",8.16666666666667,"08:10",-2.654562407296e-08,-0.00140208362111553,0.00140203052986738
"tc",8.25,"08:15",-1.84373201195873e-08,-0.00140136688937841,0.00140133001473817
"tc",8.33333333333333,"08:20",-1.03290161662147e-08,-0.0014006501576413,0.00140062949960897
"tc",8.41666666666667,"08:25",-2.10113507535094e-09,-0.00139975521751944,0.00139975101524929
"tc",8.5,"08:30",6.57088966905096e-09,-0.00139819836053996,0.0013982115023193
"tc",8.58333333333333,"08:35",1.52429144134527e-08,-0.00139664150356047,0.0013966719893893
"tc",8.66666666666667,"08:40",2.40810030721383e-08,-0.00139511504908355,0.00139516321108969
"tc",8.75,"08:45",3.31444641859233e-08,-0.00139362985514581,0.00139369614407418
"tc",8.83333333333333,"08:50",4.22079252997081e-08,-0.00139214466120807,0.00139222907705867
"tc",8.91666666666667,"08:55",5.14108467438712e-08,-0.00139116346199581,0.0013912662836893
"tc",9,"09:00",6.06934598053933e-08,-0.00139047025976954,0.00139059164668915
"tc",9.08333333333333,"09:05",6.99760728669151e-08,-0.00138977705754326,0.001389917009689
"tc",9.16666666666667,"09:10",7.92984523142113e-08,-0.00139001909907235,0.00139017769597698
"tc",9.25,"09:15",8.86279329018244e-08,-0.0013904281484149,0.0013906054042807
"tc",9.33333333333333,"09:20",9.79498124654642e-08,-0.00139089259900959,0.00139108849863452
"tc",9.41666666666667,"09:25",1.07153876157522e-07,-0.00139221576901254,0.00139243007676486
"tc",9.5,"09:30",1.1635793984958e-07,-0.00139353893901549,0.00139377165489519
"tc",9.58333333333333,"09:35",1.2548081227331e-07,-0.00139493872529331,0.00139518968691785
"tc",9.66666666666667,"09:40",1.34387174648167e-07,-0.00139654282163742,0.00139681159598672
"tc",9.75,"09:45",1.43293537023024e-07,-0.00139814691798154,0.00139843350505559
"tc",9.83333333333333,"09:50",1.519720275245e-07,-0.00139945546563374,0.00139975940968878
"tc",9.91666666666667,"09:55",1.6040840416051e-07,-0.00140044999280077,0.00140077080960909
"tc",10,"10:00",1.6884478079652e-07,-0.0014014445199678,0.00140178220952939
"tc",10.0833333333333,"10:05",1.76854242808995e-07,-0.00140148457746288,0.00140183828594849
"tc",10.1666666666667,"10:10",1.8467808976776e-07,-0.00140110964814406,0.0014014790043236
"tc",10.25,"10:15",1.92501936726525e-07,-0.00140073471882525,0.0014011197226987
"tc",10.3333333333333,"10:20",1.99874673447614e-07,-0.00139939873244225,0.00139979848178915
"tc",10.4166666666667,"10:25",2.07202299144936e-07,-0.00139796664035283,0.00139838104495112
"tc",10.5,"10:30",2.14500030124595e-07,-0.00139651651386117,0.00139694551392142
"tc",10.5833333333333,"10:35",2.21581024401202e-07,-0.0013949356379532,0.001395378800002
"tc",10.6666666666667,"10:40",2.2866201867781e-07,-0.00139335476204523,0.00139381208608258
"tc",10.75,"10:45",2.35744366260883e-07,-0.00139198860376838,0.00139246009250091
"tc",10.8333333333333,"10:50",2.42829420456886e-07,-0.0013910518807538,0.00139153753959472
"tc",10.9166666666667,"10:55",2.49914474652889e-07,-0.00139011515773922,0.00139061498668853
"tc",11,"11:00",2.57138484081348e-07,-0.00138976217360813,0.0013902764505763
"tc",11.0833333333333,"11:05",2.64478289536855e-07,-0.00138989563854663,0.0013904245951257
"tc",11.1666666666667,"11:10",2.71818094992362e-07,-0.00139002910348513,0.00139057273967511
"tc",11.25,"11:15",2.79540811508183e-07,-0.00139092529057273,0.00139148437219575
"tc",11.3333333333333,"11:20",2.87386059563303e-07,-0.00139206554874804,0.00139264032086717
"tc",11.4166666666667,"11:25",2.95231307618424e-07,-0.00139320580692336,0.0013937962695386
"tc",11.5,"11:30",3.03809776463578e-07,-0.00139480356967709,0.00139541118923001
"tc",11.5833333333333,"11:35",3.12411158458421e-07,-0.00139641562944889,0.00139704045176581
"tc",11.6666666666667,"11:40",3.21195599595051e-07,-0.00139795876823834,0.00139860115943753
"tc",11.75,"11:45",3.30803806869725e-07,-0.00139919176260721,0.00139985337022095
"tc",11.8333333333333,"11:50",3.40412014144399e-07,-0.00140042475697608,0.00140110558100437
"tc",11.9166666666667,"11:55",3.5051061328544e-07,-0.00140116775084733,0.0014018687720739
"tc",12,"12:00",3.61363661451659e-07,-0.00140115689779917,0.00140187962512207
"tc",12.0833333333333,"12:05",3.72216709617878e-07,-0.001401146044751,0.00140189047817024
"tc",12.1666666666667,"12:10",3.83791766723586e-07,-0.0014003813772235,0.00140114896075695
"tc",12.25,"12:15",3.95836129639962e-07,-0.00139912673028444,0.00139991840254372
"tc",12.3333333333333,"12:20",4.07880492556338e-07,-0.00139787208334538,0.0013986878443305
"tc",12.4166666666667,"12:25",4.20617239263716e-07,-0.00139630742336809,0.00139714865784661
"tc",12.5,"12:30",4.3350784903576e-07,-0.00139467387160451,0.00139554088730259
"tc",12.5833333333333,"12:35",4.4641326193607e-07,-0.00139305462496904,0.00139394745149291
"tc",12.6666666666667,"12:40",4.59792374940899e-07,-0.00139189314243266,0.00139281272718255
"tc",12.75,"12:45",4.73171487945727e-07,-0.00139073165989629,0.00139167800287218
"tc",12.8333333333333,"12:50",4.86582300249924e-07,-0.00138981433927987,0.00139078750388037
"tc",12.9166666666667,"12:55",5.00092172864652e-07,-0.0013896600246633,0.00139066020900903
"tc",13,"13:00",5.13602045479379e-07,-0.00138950571004673,0.00139053291413769
"tc",13.0833333333333,"13:05",5.27008743542749e-07,-0.00138983806347033,0.00139089208095741
"tc",13.1666666666667,"13:10",5.40291632144491e-07,-0.00139075441854211,0.0013918350018064
"tc",13.25,"13:15",5.53574520746233e-07,-0.0013916707736139,0.00139277792265539
"tc",13.3333333333333,"13:20",5.66467590924062e-07,-0.00139301695647298,0.00139414989165482
"tc",13.4166666666667,"13:25",5.79165751889934e-07,-0.0013945780532257,0.00139573638472948
"tc",13.5,"13:30",5.91863912855806e-07,-0.00139613914997843,0.00139732287780415
"tc",13.5833333333333,"13:35",6.03733841503379e-07,-0.00139757010881047,0.00139877757649348
"tc",13.6666666666667,"13:40",6.15489531210497e-07,-0.00139898311758448,0.0014002140966469
"tc",13.75,"13:45",6.2712709410256e-07,-0.00140030009366787,0.00140155434785607
"tc",13.8333333333333,"13:50",6.37583388844067e-07,-0.00140065674284498,0.00140193190962267
"tc",13.9166666666667,"13:55",6.48039683585575e-07,-0.00140101339202209,0.00140230947138927
"tc",14,"14:00",6.58024127165574e-07,-0.00140095534062142,0.00140227138887575
"tc",14.0833333333333,"14:05",6.669233130741e-07,-0.00139994347789185,0.001401277324518
"tc",14.1666666666667,"14:10",6.75822498982626e-07,-0.00139893161516227,0.00140028326016024
"tc",14.25,"14:15",6.838860357587e-07,-0.0013976063254828,0.00139897409755432
"tc",14.3333333333333,"14:20",6.91163079233641e-07,-0.00139598604573283,0.0013973683718913
"tc",14.4166666666667,"14:25",6.98440122708582e-07,-0.00139436576598287,0.00139576264622828
"tc",14.5,"14:30",7.04506229237042e-07,-0.0013929507907261,0.00139435980318457
"tc",14.5833333333333,"14:35",7.10118234410571e-07,-0.00139161280465428,0.0013930330411231
"tc",14.6666666666667,"14:40",7.157302395841e-07,-0.00139027481858246,0.00139170627906163
"tc",14.75,"14:45",7.19737821750163e-07,-0.00138979703852604,0.00139123651416954
"tc",14.8333333333333,"14:50",7.23641892754454e-07,-0.00138937475563191,0.00139082203941741
"tc",14.9166666666667,"14:55",7.27280686480402e-07,-0.00138911975292964,0.0013905743143026
"tc",15,"15:00",7.29433927447628e-07,-0.00138980151930189,0.00139126038715678
"tc",15.0833333333333,"15:05",7.31587168414854e-07,-0.00139048328567413,0.00139194646001096
"tc",15.1666666666667,"15:10",7.33088145416665e-07,-0.00139145378098795,0.00139291995727878
"tc",15.25,"15:15",7.33447660479e-07,-0.00139292955194951,0.00139439644727047
"tc",15.3333333333333,"15:20",7.33807175541334e-07,-0.00139440532291107,0.00139587293726216
"tc",15.4166666666667,"15:25",7.33109241704225e-07,-0.00139592363723318,0.00139738985571659
"tc",15.5,"15:30",7.31632134993842e-07,-0.00139747329929463,0.00139893656356462
"tc",15.5833333333333,"15:35",7.30155028283459e-07,-0.00139902296135608,0.00140048327141265
"tc",15.6666666666667,"15:40",7.27197089492647e-07,-0.00139991263153564,0.00140136702571462
"tc",15.75,"15:45",7.2384046514172e-07,-0.00140062461159315,0.00140207229252343
"tc",15.8333333333333,"15:50",7.20483840790792e-07,-0.00140133659165066,0.00140277755933224
"tc",15.9166666666667,"15:55",7.15244647231921e-07,-0.00140063320888629,0.00140206369818075
"tc",16,"16:00",7.1000545367305e-07,-0.00139992982612191,0.00140134983702926
"tc",16.0833333333333,"16:05",7.04400087234922e-07,-0.00139904872072158,0.00140045752089605
"tc",16.1666666666667,"16:10",6.97434650102415e-07,-0.00139750750267341,0.00139890237197362
"tc",16.25,"16:15",6.90469212969908e-07,-0.00139596628462524,0.00139734722305118
"tc",16.3333333333333,"16:20",6.82854653687564e-07,-0.00139445628425666,0.00139582199356404
"tc",16.4166666666667,"16:25",6.74359142916156e-07,-0.00139298865073896,0.00139433736902479
"tc",16.5,"16:30",6.65863632144747e-07,-0.00139152101722125,0.00139285274448554
"tc",16.5833333333333,"16:35",6.56519273561597e-07,-0.00139055836670848,0.0013918714052556
"tc",16.6666666666667,"16:40",6.46689859086023e-07,-0.0013898842779128,0.00139117765763098
"tc",16.75,"16:45",6.36860444610448e-07,-0.00138921018911713,0.00139048391000635
"tc",16.8333333333333,"16:50",6.26065680269903e-07,-0.00138947234913313,0.00139072448049367
"tc",16.9166666666667,"16:55",6.15098532024898e-07,-0.00138990169643692,0.00139113189350097
"tc",17,"17:00",6.04074319305062e-07,-0.00139038649445086,0.00139159464308947
"tc",17.0833333333333,"17:05",5.92165607225361e-07,-0.00139173077847204,0.00139291510968649
"tc",17.1666666666667,"17:10",5.8025689514566e-07,-0.00139307506249321,0.0013942355762835
"tc",17.25,"17:15",5.68144893820515e-07,-0.00139449608486065,0.00139563237464829
"tc",17.3333333333333,"17:20",5.55490787840852e-07,-0.00139612174281812,0.0013972327243938
"tc",17.4166666666667,"17:25",5.4283668186119e-07,-0.00139774740077559,0.00139883307413932
"tc",17.5,"17:30",5.29916285474145e-07,-0.00139907754841469,0.00140013738098564
"tc",17.5833333333333,"17:35",5.16712955529257e-07,-0.00140009371634052,0.00140112714225158
"tc",17.6666666666667,"17:40",5.03509625584368e-07,-0.00140110988426636,0.00140211690351752
"tc",17.75,"17:45",4.90048168460954e-07,-0.00140117141367437,0.00140215151001129
"tc",17.8333333333333,"17:50",4.76474482129486e-07,-0.00140081788285725,0.00140177083182151
"tc",17.9166666666667,"17:55",4.62900795798017e-07,-0.00140046435204012,0.00140139015363172
"tc",18,"18:00",4.49016124567725e-07,-0.00139914962394521,0.00140004765619434
"tc",18.0833333333333,"18:05",4.35100354847552e-07,-0.00139773877612251,0.00139860897683221
"tc",18.1666666666667,"18:10",4.21137148693532e-07,-0.00139630991142362,0.00139715218572101
"tc",18.25,"18:15",4.0683002839413e-07,-0.00139475042437234,0.00139556408442912
"tc",18.3333333333333,"18:20",3.92522908094728e-07,-0.00139319093732105,0.00139397598313724
"tc",18.4166666666667,"18:25",3.78068701596074e-07,-0.00139184631628601,0.0013926024536892
"tc",18.5,"18:30",3.63320322698917e-07,-0.00139093142728346,0.00139165806792885
"tc",18.5833333333333,"18:35",3.48571943801761e-07,-0.00139001653828091,0.00139071368216851
"tc",18.6666666666667,"18:40",3.33555655841179e-07,-0.00138968579492342,0.0013903529062351
"tc",18.75,"18:45",3.18316110327741e-07,-0.00138984183960349,0.00139047847182414
"tc",18.8333333333333,"18:50",3.03076564814304e-07,-0.00138999788428355,0.00139060403741318
"tc",18.9166666666667,"18:55",2.87427114274498e-07,-0.00139091744377956,0.00139149229800811
"tc",19,"19:00",2.71646494126254e-07,-0.00139208132801667,0.00139262462100493
"tc",19.0833333333333,"19:05",2.5586587397801e-07,-0.00139324521225378,0.00139375694400174
"tc",19.1666666666667,"19:10",2.39512179741685e-07,-0.00139486790718208,0.00139534693154156
"tc",19.25,"19:15",2.23140576940108e-07,-0.00139650493994447,0.00139695122109835
"tc",19.3333333333333,"19:20",2.06652448561829e-07,-0.00139807335127897,0.00139848665617609
"tc",19.4166666666667,"19:25",1.89639955088393e-07,-0.00139933296618795,0.00139971224609813
"tc",19.5,"19:30",1.72627461614956e-07,-0.00140059258109694,0.00140093783602017
"tc",19.5833333333333,"19:35",1.55345564060379e-07,-0.0014013629552473,0.00140167364637542
"tc",19.6666666666667,"19:40",1.37649198688661e-07,-0.00140138065130748,0.00140165594970486
"tc",19.75,"19:45",1.19952833316942e-07,-0.00140139834736766,0.00140163825303429
"tc",19.8333333333333,"19:50",1.01912506183812e-07,-0.00140066329482566,0.00140086711983803
"tc",19.9166666666667,"19:55",8.36486039057636e-08,-0.00139943895569225,0.00139960625290007
"tc",20,"20:00",6.53847016277147e-08,-0.00139821461655885,0.0013983453859621
"tc",20.0833333333333,"20:05",4.68819837802099e-08,-0.00139668119542841,0.00139677495939597
"tc",20.1666666666667,"20:10",2.8326195806159e-08,-0.00139507908940974,0.00139513574180135
"tc",20.25,"20:15",9.77012578078705e-09,-0.00139349130359746,0.00139351084384902
"tc",20.3333333333333,"20:20",-8.79496988683606e-09,-0.00139236176438967,0.0013923441744499
"tc",20.4166666666667,"20:25",-2.73600655544592e-08,-0.00139123222518188,0.00139117750505077
"tc",20.5,"20:30",-4.58589138744811e-08,-0.0013903468132866,0.00139025509545885
"tc",20.5833333333333,"20:35",-6.4150739233246e-08,-0.00139022429924287,0.0013900959977644
"tc",20.6666666666667,"20:40",-8.2442564592011e-08,-0.00139010178519914,0.00138993690006996
"tc",20.75,"20:45",-1.00481731627464e-07,-0.00139046558325218,0.00139026461978892
"tc",20.8333333333333,"20:50",-1.1821770867494e-07,-0.00139141295582132,0.00139117652040397
"tc",20.9166666666667,"20:55",-1.35953685722416e-07,-0.00139236032839047,0.00139208842101903
"tc",21,"21:00",-1.5313071189408e-07,-0.00139373657982708,0.00139343031840329
"tc",21.0833333333333,"21:05",-1.70028262627838e-07,-0.00139532727069742,0.00139498721417217
"tc",21.1666666666667,"21:10",-1.86925813361595e-07,-0.00139691796156776,0.00139654410994104
"tc",21.25,"21:15",-2.02838239090252e-07,-0.00139837670098164,0.00139797102450346
"tc",21.3333333333333,"21:20",-2.18614785507859e-07,-0.00139981724019463,0.00139938001062361
"tc",21.4166666666667,"21:25",-2.34263894995956e-07,-0.00140116150113635,0.00140069297334635
"tc",21.5,"21:30",-2.48638635188944e-07,-0.00140154297936537,0.00140104570209499
"tc",21.5833333333333,"21:35",-2.63013375381931e-07,-0.0014019244575944,0.00140139843084363
"tc",21.6666666666667,"21:40",-2.76943357767652e-07,-0.00140189031858659,0.00140133643187106
"tc",21.75,"21:45",-2.89850397196662e-07,-0.00140090025993408,0.00140032055913968
"tc",21.8333333333333,"21:50",-3.02757436625672e-07,-0.00139991020128156,0.00139930468640831
"tc",21.9166666666667,"21:55",-3.15089457121711e-07,-0.00139860530495349,0.00139797512603924
"tc",22,"22:00",-3.26880283327897e-07,-0.00139700409081312,0.00139635033024647
"tc",22.0833333333333,"22:05",-3.38671109534082e-07,-0.00139540287667276,0.00139472553445369
"tc",22.1666666666667,"22:10",-3.49940647634985e-07,-0.00139400523477705,0.00139330535348178
"tc",22.25,"22:15",-3.61014702696409e-07,-0.0013926839324731,0.00139196190306771
"tc",22.3333333333333,"22:20",-3.72088757757832e-07,-0.00139136263016914,0.00139061845265363
"tc",22.4166666666667,"22:25",-3.82864715817204e-07,-0.00139089963142571,0.00139013390199408
"tc",22.5,"22:30",-3.93621441811929e-07,-0.00139049200710554,0.00138970476422192
"tc",22.5833333333333,"22:35",-4.04390609172011e-07,-0.00139025141016875,0.0013894426289504
"tc",22.6666666666667,"22:40",-4.15229448178098e-07,-0.00139094616657887,0.00139011570768252
"tc",22.75,"22:45",-4.26068287184185e-07,-0.001391640922989,0.00139078878641463
"tc",22.8333333333333,"22:50",-4.37082237131882e-07,-0.00139262393129143,0.00139174976681717
"tc",22.9166666666667,"22:55",-4.48402631227395e-07,-0.0013941113804054,0.00139321457514295
"tc",23,"23:00",-4.59723025322909e-07,-0.00139559882951937,0.00139467938346872
"tc",23.0833333333333,"23:05",-4.71550660211825e-07,-0.00139712827199791,0.00139618517067749
"tc",23.1666666666667,"23:10",-4.83752051474827e-07,-0.00139868865695562,0.00139772115285267
"tc",23.25,"23:15",-4.95953442737829e-07,-0.00140024904191332,0.00139925713502785
"tc",23.3333333333333,"23:20",-5.09163664921568e-07,-0.0014011489633229,0.00140013063599305
"tc",23.4166666666667,"23:25",-5.22645495430121e-07,-0.00140187106762336,0.0014008257766325
"tc",23.5,"23:30",-5.36127325938675e-07,-0.00140259317192382,0.00140152091727194
"tc",23.5833333333333,"23:35",-5.36127325938675e-07,-0.00140259317192382,0.00140152091727194
"tc",23.6666666666667,"23:40",-5.36127325938675e-07,-0.00140259317192382,0.00140152091727194
"tc",23.75,"23:45",-5.36127325938675e-07,-0.00140259317192382,0.00140152091727194
"tc",23.8333333333333,"23:50",-5.36127325938675e-07,-0.00140259317192382,0.00140152091727194
"tc",23.9166666666667,"23:55",-5.36127325938675e-07,-0.00140259317192382,0.00140152091727194
"tc",24,"24:00",-5.36127325938675e-07,-0.00140259317192382,0.00140152091727194
"tg",0,"00:00",-86.1399295029645,-141.487115311066,-30.7927436948633
"tg",0.0833333333333333,"00:05",-86.1399295029645,-141.487115311066,-30.7927436948633
"tg",0.166666666666667,"00:10",-86.1399295029645,-141.487115311066,-30.7927436948633
"tg",0.25,"00:15",-86.1399295029645,-141.487115311066,-30.7927436948633
"tg",0.333333333333333,"00:20",-86.1399295029645,-141.487115311066,-30.7927436948633
"tg",0.416666666666667,"00:25",-86.1399295029645,-141.487115311066,-30.7927436948633
"tg",0.5,"00:30",-86.1399295029645,-141.487115311066,-30.7927436948633
"tg",0.583333333333333,"00:35",-86.1399297353685,-141.487115542861,-30.7927439278761
"tg",0.666666666666667,"00:40",-86.1399299677725,-141.487115774656,-30.7927441608888
"tg",0.75,"00:45",-86.1399302024909,-141.487116008617,-30.7927443963646
"tg",0.833333333333333,"00:50",-86.1399304458056,-141.487116250623,-30.7927446409886
"tg",0.916666666666667,"00:55",-86.1399306891203,-141.487116492628,-30.7927448856125
"tg",1,"01:00",-86.1399309337532,-141.487116735999,-30.7927451315072
"tg",1.08333333333333,"01:05",-86.1399311801751,-141.487116981224,-30.7927453791265
"tg",1.16666666666667,"01:10",-86.139931426597,-141.487117226448,-30.7927456267457
"tg",1.25,"01:15",-86.1399316700302,-141.487117469158,-30.7927458709024
"tg",1.33333333333333,"01:20",-86.1399319117557,-141.487117710431,-30.7927461130804
"tg",1.41666666666667,"01:25",-86.1399321534811,-141.487117951704,-30.7927463552585
"tg",1.5,"01:30",-86.1399323846005,-141.487118183227,-30.7927465859738
"tg",1.58333333333333,"01:35",-86.139932613826,-141.48711841301,-30.7927468146423
"tg",1.66666666666667,"01:40",-86.139932841821,-141.487118641612,-30.7927470420297
"tg",1.75,"01:45",-86.1399330507429,-141.487118851925,-30.7927472495607
"tg",1.83333333333333,"01:50",-86.1399332596648,-141.487119062238,-30.7927474570918
"tg",1.91666666666667,"01:55",-86.1399334609212,-141.487119264956,-30.7927476568862
"tg",2,"02:00",-86.139933641736,-141.487119447423,-30.7927478360492
"tg",2.08333333333333,"02:05",-86.1399338225508,-141.487119629889,-30.7927480152122
"tg",2.16666666666667,"02:10",-86.1399339859544,-141.487119794678,-30.7927481772304
"tg",2.25,"02:15",-86.1399341308585,-141.487119940685,-30.7927483210322
"tg",2.33333333333333,"02:20",-86.1399342757626,-141.487120086691,-30.7927484648339
"tg",2.41666666666667,"02:25",-86.1399343907726,-141.487120201935,-30.7927485796102
"tg",2.5,"02:30",-86.1399344927851,-141.487120303803,-30.7927486817668
"tg",2.58333333333333,"02:35",-86.1399345947976,-141.487120405672,-30.7927487839233
"tg",2.66666666666667,"02:40",-86.1399346579809,-141.487120467834,-30.7927488481278
"tg",2.75,"02:45",-86.1399347172813,-141.487120526026,-30.7927489085371
"tg",2.83333333333333,"02:50",-86.1399347718731,-141.487120579491,-30.7927489642551
"tg",2.91666666666667,"02:55",-86.1399347923277,-141.487120598694,-30.7927489859609
"tg",3,"03:00",-86.1399348127822,-141.487120617898,-30.7927490076667
"tg",3.08333333333333,"03:05",-86.1399348215871,-141.487120625641,-30.7927490175332
"tg",3.16666666666667,"03:10",-86.1399348070926,-141.487120610464,-30.792749003721
"tg",3.25,"03:15",-86.139934792598,-141.487120595287,-30.7927489899088
"tg",3.33333333333333,"03:20",-86.1399347611659,-141.48712056369,-30.7927489586417
"tg",3.41666666666667,"03:25",-86.139934715619,-141.487120518409,-30.7927489128289
"tg",3.5,"03:30",-86.1399346700722,-141.487120473128,-30.792748867016
"tg",3.58333333333333,"03:35",-86.1399346039529,-141.487120407953,-30.7927487999531
"tg",3.66666666666667,"03:40",-86.1399345312505,-141.487120336411,-30.7927487260902
"tg",3.75,"03:45",-86.139934458548,-141.487120264869,-30.7927486522272
"tg",3.83333333333333,"03:50",-86.1399343632916,-141.487120171182,-30.7927485554014
"tg",3.91666666666667,"03:55",-86.1399342673303,-141.487120076803,-30.792748457858
"tg",4,"04:00",-86.1399341678487,-141.487119978841,-30.7927483568559
"tg",4.08333333333333,"04:05",-86.1399340525253,-141.487119864761,-30.7927482402897
"tg",4.16666666666667,"04:10",-86.139933937202,-141.48711975068,-30.7927481237236
"tg",4.25,"04:15",-86.1399338157749,-141.487119630055,-30.7927480014948
"tg",4.33333333333333,"04:20",-86.1399336849575,-141.487119499361,-30.7927478705541
"tg",4.41666666666667,"04:25",-86.13993355414,-141.487119368667,-30.7927477396135
"tg",4.5,"04:30",-86.1399334158745,-141.487119229846,-30.792747601903
"tg",4.58333333333333,"04:35",-86.1399332727678,-141.487119085744,-30.7927474597921
"tg",4.66666666666667,"04:40",-86.1399331296611,-141.487118941641,-30.7927473176812
"tg",4.75,"04:45",-86.1399329785794,-141.487118789287,-30.7927471678713
"tg",4.83333333333333,"04:50",-86.1399328257254,-141.4871186351,-30.7927470163504
"tg",4.91666666666667,"04:55",-86.1399326726521,-141.487118480707,-30.7927468645974
"tg",5,"05:00",-86.1399325125639,-141.48711831971,-30.7927467054173
"tg",5.08333333333333,"05:05",-86.1399323524756,-141.487118158714,-30.7927465462372
"tg",5.16666666666667,"05:10",-86.1399321912429,-141.487117996791,-30.7927463856945
"tg",5.25,"05:15",-86.1399320264335,-141.487117831973,-30.7927462208941
"tg",5.33333333333333,"05:20",-86.1399318616241,-141.487117667155,-30.7927460560936
"tg",5.41666666666667,"05:25",-86.1399316958111,-141.487117501766,-30.7927458898557
"tg",5.5,"05:30",-86.1399315287937,-141.487117335694,-30.7927457218928
"tg",5.58333333333333,"05:35",-86.1399313617762,-141.487117169623,-30.7927455539299
"tg",5.66666666666667,"05:40",-86.1399311949621,-141.487117004138,-30.7927453857861
"tg",5.75,"05:45",-86.1399310282497,-141.487116838947,-30.7927452175519
"tg",5.83333333333333,"05:50",-86.1399308615373,-141.487116673757,-30.7927450493177
"tg",5.91666666666667,"05:55",-86.1399306973014,-141.487116510925,-30.7927448836775
"tg",6,"06:00",-86.1399305334071,-141.487116348419,-30.792744718395
"tg",6.08333333333333,"06:05",-86.1399303699965,-141.48711618631,-30.7927445536831
"tg",6.16666666666667,"06:10",-86.1399302114233,-141.48711602817,-30.7927443946766
"tg",6.25,"06:15",-86.1399300528501,-141.48711587003,-30.7927442356701
"tg",6.33333333333333,"06:20",-86.1399298962773,-141.487115713515,-30.7927440790393
"tg",6.41666666666667,"06:25",-86.1399297443054,-141.487115560738,-30.7927439278724
"tg",6.5,"06:30",-86.1399295923336,-141.487115407962,-30.7927437767056
"tg",6.58333333333333,"06:35",-86.1399294431986,-141.487115257738,-30.7927436286589
"tg",6.66666666666667,"06:40",-86.1399292967336,-141.487115109918,-30.792743483549
"tg",6.75,"06:45",-86.1399291502686,-141.487114962098,-30.792743338439
"tg",6.83333333333333,"06:50",-86.1399290068141,-141.487114817471,-30.7927431961571
"tg",6.91666666666667,"06:55",-86.1399288644886,-141.487114674042,-30.7927430549356
"tg",7,"07:00",-86.1399287221632,-141.487114530612,-30.7927429137142
"tg",7.08333333333333,"07:05",-86.1399285824419,-141.487114390552,-30.7927427743317
"tg",7.16666666666667,"07:10",-86.1399284428886,-141.487114250709,-30.7927426350679
"tg",7.25,"07:15",-86.1399283035483,-141.487114111228,-30.7927424958683
"tg",7.33333333333333,"07:20",-86.1399281653999,-141.487113973771,-30.7927423570283
"tg",7.41666666666667,"07:25",-86.1399280272515,-141.487113836315,-30.7927422181882
"tg",7.5,"07:30",-86.1399278891168,-141.487113699129,-30.7927420791048
"tg",7.58333333333333,"07:35",-86.139927751006,-141.487113562417,-30.7927419395955
"tg",7.66666666666667,"07:40",-86.1399276128952,-141.487113425704,-30.7927418000862
"tg",7.75,"07:45",-86.1399274740188,-141.487113288264,-30.792741659774
"tg",7.83333333333333,"07:50",-86.1399273345783,-141.487113150286,-30.7927415188702
"tg",7.91666666666667,"07:55",-86.1399271951378,-141.487113012309,-30.7927413779664
"tg",8,"08:00",-86.1399270535723,-141.48711287161,-30.7927412355341
"tg",8.08333333333333,"08:05",-86.1399269114346,-141.487112730179,-30.7927410926902
"tg",8.16666666666667,"08:10",-86.139926769297,-141.487112588748,-30.7927409498463
"tg",8.25,"08:15",-86.13992662355,-141.487112442427,-30.7927408046734
"tg",8.33333333333333,"08:20",-86.139926477803,-141.487112296106,-30.7927406595004
"tg",8.41666666666667,"08:25",-86.1399263314829,-141.487112149051,-30.792740513915
"tg",8.5,"08:30",-86.1399261830341,-141.487111999271,-30.7927403667972
"tg",8.58333333333333,"08:35",-86.1399260345854,-141.487111849491,-30.7927402196793
"tg",8.66666666666667,"08:40",-86.1399258855685,-141.487111699171,-30.7927400719659
"tg",8.75,"08:45",-86.1399257357806,-141.487111548117,-30.7927399234441
"tg",8.83333333333333,"08:50",-86.1399255859926,-141.487111397063,-30.7927397749224
"tg",8.91666666666667,"08:55",-86.1399254362197,-141.487111246474,-30.7927396259655
"tg",9,"09:00",-86.1399252864552,-141.48711109615,-30.7927394767601
"tg",9.08333333333333,"09:05",-86.1399251366908,-141.487110945827,-30.7927393275546
"tg",9.16666666666667,"09:10",-86.1399249881024,-141.487110797512,-30.7927391786926
"tg",9.25,"09:15",-86.1399248397241,-141.487110649556,-30.7927390298919
"tg",9.33333333333333,"09:20",-86.1399246915124,-141.487110501816,-30.7927388812083
"tg",9.41666666666667,"09:25",-86.1399245458828,-141.487110357424,-30.7927387343414
"tg",9.5,"09:30",-86.1399244002532,-141.487110213032,-30.7927385874744
"tg",9.58333333333333,"09:35",-86.1399242557448,-141.48711006983,-30.7927384416601
"tg",9.66666666666667,"09:40",-86.1399241142266,-141.4871099298,-30.792738298653
"tg",9.75,"09:45",-86.1399239727083,-141.487109789771,-30.7927381556459
"tg",9.83333333333333,"09:50",-86.1399238338441,-141.487109652129,-30.7927380155593
"tg",9.91666666666667,"09:55",-86.1399236977998,-141.487109517024,-30.7927378785756
"tg",10,"10:00",-86.1399235617556,-141.487109381919,-30.7927377415919
"tg",10.0833333333333,"10:05",-86.1399234302558,-141.487109250496,-30.7927376100155
"tg",10.1666666666667,"10:10",-86.139923300732,-141.487109120674,-30.79273748079
"tg",10.25,"10:15",-86.1399231712081,-141.487108990852,-30.7927373515646
"tg",10.3333333333333,"10:20",-86.1399230460614,-141.487108864539,-30.792737227584
"tg",10.4166666666667,"10:25",-86.1399229213524,-141.487108738577,-30.792737104128
"tg",10.5,"10:30",-86.1399227968485,-141.487108612804,-30.7927369808933
"tg",10.5833333333333,"10:35",-86.1399226738317,-141.4871084884,-30.7927368592634
"tg",10.6666666666667,"10:40",-86.1399225508149,-141.487108363996,-30.7927367376334
"tg",10.75,"10:45",-86.1399224273175,-141.487108239304,-30.792736615331
"tg",10.8333333333333,"10:50",-86.1399223028587,-141.487108114034,-30.7927364916835
"tg",10.9166666666667,"10:55",-86.1399221783999,-141.487107988764,-30.7927363680359
"tg",11,"11:00",-86.139922051445,-141.487107861518,-30.7927362413723
"tg",11.0833333333333,"11:05",-86.1399219224099,-141.487107732624,-30.7927361121953
"tg",11.1666666666667,"11:10",-86.1399217933748,-141.487107603731,-30.7927359830183
"tg",11.25,"11:15",-86.1399216584983,-141.487107469677,-30.79273584732
"tg",11.3333333333333,"11:20",-86.1399215217526,-141.48710733397,-30.792735709535
"tg",11.4166666666667,"11:25",-86.1399213850069,-141.487107198264,-30.7927355717499
"tg",11.5,"11:30",-86.139921237745,-141.487107052451,-30.7927354230386
"tg",11.5833333333333,"11:35",-86.1399210901544,-141.487106906323,-30.7927352739859
"tg",11.6666666666667,"11:40",-86.1399209400222,-141.487106757591,-30.7927351224533
"tg",11.75,"11:45",-86.1399207784524,-141.487106597143,-30.7927349597614
"tg",11.8333333333333,"11:50",-86.1399206168827,-141.487106436696,-30.7927347970695
"tg",11.9166666666667,"11:55",-86.1399204486398,-141.487106269133,-30.7927346281465
"tg",12,"12:00",-86.1399202701304,-141.487106090624,-30.7927344496371
"tg",12.0833333333333,"12:05",-86.139920091621,-141.487105912114,-30.7927342711277
"tg",12.1666666666667,"12:10",-86.1399199034736,-141.487105723287,-30.7927340836604
"tg",12.25,"12:15",-86.1399197090615,-141.487105527753,-30.7927338903705
"tg",12.3333333333333,"12:20",-86.1399195146495,-141.487105332218,-30.7927336970806
"tg",12.4166666666667,"12:25",-86.1399193113451,-141.487105127514,-30.7927334951766
"tg",12.5,"12:30",-86.1399191060648,-141.487104920771,-30.7927332913584
"tg",12.5833333333333,"12:35",-86.1399189006128,-141.48710471387,-30.7927330873559
"tg",12.6666666666667,"12:40",-86.1399186896724,-141.48710450189,-30.7927328774548
"tg",12.75,"12:45",-86.1399184787319,-141.48710428991,-30.7927326675537
"tg",12.8333333333333,"12:50",-86.1399182676818,-141.487104078038,-30.7927324573254
"tg",12.9166666666667,"12:55",-86.1399180562894,-141.487103866504,-30.7927322460749
"tg",13,"13:00",-86.1399178448969,-141.487103654969,-30.7927320348244
"tg",13.0833333333333,"13:05",-86.1399176356665,-141.48710344603,-30.7927318253026
"tg",13.1666666666667,"13:10",-86.1399174290303,-141.487103240205,-30.7927316178552
"tg",13.25,"13:15",-86.1399172223942,-141.487103034381,-30.7927314104078
"tg",13.3333333333333,"13:20",-86.139917022401,-141.487102835582,-30.7927312092196
"tg",13.4166666666667,"13:25",-86.1399168257293,-141.487102640297,-30.792731011161
"tg",13.5,"13:30",-86.1399166290576,-141.487102445013,-30.7927308131025
"tg",13.5833333333333,"13:35",-86.1399164457194,-141.487102262944,-30.7927306284951
"tg",13.6666666666667,"13:40",-86.1399162642203,-141.487102082698,-30.7927304457431
"tg",13.75,"13:45",-86.1399160845728,-141.487101904216,-30.7927302649294
"tg",13.8333333333333,"13:50",-86.139915923441,-141.487101743383,-30.7927301034992
"tg",13.9166666666667,"13:55",-86.1399157623092,-141.487101582549,-30.792729942069
"tg",14,"14:00",-86.1399156084248,-141.487101428588,-30.7927297882613
"tg",14.0833333333333,"14:05",-86.1399154712093,-141.487101290433,-30.7927296519852
"tg",14.1666666666667,"14:10",-86.1399153339939,-141.487101152279,-30.7927295157091
"tg",14.25,"14:15",-86.1399152092811,-141.487101026343,-30.7927293922188
"tg",14.3333333333333,"14:20",-86.1399150963355,-141.487100911909,-30.792729280762
"tg",14.4166666666667,"14:25",-86.1399149833898,-141.487100797474,-30.7927291693052
"tg",14.5,"14:30",-86.139914888085,-141.487100700864,-30.7927290753063
"tg",14.5833333333333,"14:35",-86.1399147993955,-141.487100610937,-30.7927289878542
"tg",14.6666666666667,"14:40",-86.1399147107059,-141.48710052101,-30.792728900402
"tg",14.75,"14:45",-86.1399146447895,-141.487100454622,-30.7927288349573
"tg",14.8333333333333,"14:50",-86.1399145803423,-141.487100389752,-30.7927287709326
"tg",14.9166666666667,"14:55",-86.1399145195662,-141.487100328702,-30.7927287104301
"tg",15,"15:00",-86.1399144793476,-141.487100289043,-30.7927286696525
"tg",15.0833333333333,"15:05",-86.1399144391291,-141.487100249383,-30.792728628875
"tg",15.1666666666667,"15:10",-86.1399144077159,-141.487100218786,-30.7927285966457
"tg",15.25,"15:15",-86.1399143917123,-141.487100204049,-30.7927285793759
"tg",15.3333333333333,"15:20",-86.1399143757086,-141.487100189311,-30.7927285621061
"tg",15.4166666666667,"15:25",-86.139914373639,-141.487100188545,-30.792728558733
"tg",15.5,"15:30",-86.1399143818365,-141.487100198073,-30.7927285655996
"tg",15.5833333333333,"15:35",-86.139914390034,-141.487100207602,-30.7927285724661
"tg",15.6666666666667,"15:40",-86.1399144172883,-141.487100235591,-30.7927285989858
"tg",15.75,"15:45",-86.1399144496733,-141.48710026855,-30.7927286307966
"tg",15.8333333333333,"15:50",-86.1399144820582,-141.487100301509,-30.7927286626075
"tg",15.9166666666667,"15:55",-86.1399145380471,-141.487100356792,-30.7927287193026
"tg",16,"16:00",-86.1399145940359,-141.487100412074,-30.7927287759977
"tg",16.0833333333333,"16:05",-86.1399146544244,-141.487100471596,-30.792728837253
"tg",16.1666666666667,"16:10",-86.1399147311542,-141.487100546862,-30.7927289154461
"tg",16.25,"16:15",-86.1399148078841,-141.487100622129,-30.7927289936392
"tg",16.3333333333333,"16:20",-86.1399148919568,-141.487100704766,-30.7927290791477
"tg",16.4166666666667,"16:25",-86.139914985995,-141.487100797406,-30.7927291745844
"tg",16.5,"16:30",-86.1399150800331,-141.487100890045,-30.7927292700211
"tg",16.5833333333333,"16:35",-86.1399151829011,-141.487100991964,-30.7927293738379
"tg",16.6666666666667,"16:40",-86.1399152908149,-141.487101099187,-30.7927294824432
"tg",16.75,"16:45",-86.1399153987286,-141.487101206409,-30.7927295910485
"tg",16.8333333333333,"16:50",-86.1399155155029,-141.487101323324,-30.7927297076821
"tg",16.9166666666667,"16:55",-86.1399156338595,-141.48710144197,-30.7927298257492
"tg",17,"17:00",-86.1399157526409,-141.48710156109,-30.7927299441919
"tg",17.0833333333333,"17:05",-86.1399158780077,-141.487101687561,-30.7927300684546
"tg",17.1666666666667,"17:10",-86.1399160033744,-141.487101814032,-30.7927301927173
"tg",17.25,"17:15",-86.1399161297168,-141.487101941546,-30.7927303178872
"tg",17.3333333333333,"17:20",-86.139916258661,-141.487102071846,-30.7927304454764
"tg",17.4166666666667,"17:25",-86.1399163876052,-141.487102202145,-30.7927305730655
"tg",17.5,"17:30",-86.1399165166196,-141.487102332248,-30.7927307009915
"tg",17.5833333333333,"17:35",-86.1399166457085,-141.487102462142,-30.7927308292754
"tg",17.6666666666667,"17:40",-86.1399167747974,-141.487102592036,-30.7927309575593
"tg",17.75,"17:45",-86.139916901895,-141.487102719075,-30.7927310847149
"tg",17.8333333333333,"17:50",-86.1399170281269,-141.487102844874,-30.7927312113801
"tg",17.9166666666667,"17:55",-86.1399171543587,-141.487102970672,-30.7927313380452
"tg",18,"18:00",-86.1399172786739,-141.487103093686,-30.7927314636618
"tg",18.0833333333333,"18:05",-86.1399174027974,-141.487103216421,-30.7927315891734
"tg",18.1666666666667,"18:10",-86.1399175269902,-141.48710333921,-30.7927317147706
"tg",18.25,"18:15",-86.1399176516853,-141.487103462383,-30.7927318409874
"tg",18.3333333333333,"18:20",-86.1399177763803,-141.487103585556,-30.7927319672042
"tg",18.4166666666667,"18:25",-86.1399179021644,-141.487103710011,-30.7927320943181
"tg",18.5,"18:30",-86.1399180301268,-141.487103837028,-30.7927322232259
"tg",18.5833333333333,"18:35",-86.1399181580892,-141.487103964045,-30.7927323521338
"tg",18.6666666666667,"18:40",-86.1399182893042,-141.487104094835,-30.7927324837737
"tg",18.75,"18:45",-86.1399184232298,-141.487104228769,-30.7927326176903
"tg",18.8333333333333,"18:50",-86.1399185571553,-141.487104362704,-30.7927327516069
"tg",18.9166666666667,"18:55",-86.1399186976407,-141.487104503879,-30.7927328914022
"tg",19,"19:00",-86.1399188402251,-141.487104647372,-30.7927330330786
"tg",19.0833333333333,"19:05",-86.1399189828097,-141.487104790864,-30.792733174755
"tg",19.1666666666667,"19:10",-86.1399191364049,-141.48710494578,-30.7927333270299
"tg",19.25,"19:15",-86.1399192903442,-141.487105101052,-30.7927334796361
"tg",19.3333333333333,"19:20",-86.1399194468381,-141.487105258818,-30.7927336348582
"tg",19.4166666666667,"19:25",-86.139919614828,-141.487105427804,-30.7927338018523
"tg",19.5,"19:30",-86.1399197828179,-141.487105596789,-30.7927339688464
"tg",19.5833333333333,"19:35",-86.1399199573512,-141.487105771878,-30.7927341428247
"tg",19.6666666666667,"19:40",-86.1399201419514,-141.487105956355,-30.792734327548
"tg",19.75,"19:45",-86.1399203265515,-141.487106140832,-30.7927345122713
"tg",19.8333333333333,"19:50",-86.1399205208716,-141.48710633435,-30.7927347073932
"tg",19.9166666666667,"19:55",-86.1399207215097,-141.487106533745,-30.7927349092741
"tg",20,"20:00",-86.1399209221478,-141.487106733141,-30.792735111155
"tg",20.0833333333333,"20:05",-86.139921132877,-141.487106942349,-30.7927353234047
"tg",20.1666666666667,"20:10",-86.1399213458487,-141.487107153739,-30.7927355379586
"tg",20.25,"20:15",-86.1399215590778,-141.487107365399,-30.7927357527571
"tg",20.3333333333333,"20:20",-86.1399217805428,-141.487107585703,-30.7927359753825
"tg",20.4166666666667,"20:25",-86.1399220020077,-141.487107806008,-30.7927361980079
"tg",20.5,"20:30",-86.1399222246006,-141.487108027657,-30.7927364215445
"tg",20.5833333333333,"20:35",-86.1399224507183,-141.487108253508,-30.7927366479282
"tg",20.6666666666667,"20:40",-86.139922676836,-141.48710847936,-30.7927368743119
"tg",20.75,"20:45",-86.139922903323,-141.487108706012,-30.7927371006338
"tg",20.8333333333333,"20:50",-86.139923130253,-141.487108933625,-30.7927373268815
"tg",20.9166666666667,"20:55",-86.139923357183,-141.487109161237,-30.7927375531292
"tg",21,"21:00",-86.1399235820943,-141.48710938721,-30.7927377769788
"tg",21.0833333333333,"21:05",-86.1399238059962,-141.487109612363,-30.7927379996295
"tg",21.1666666666667,"21:10",-86.1399240298981,-141.487109837516,-30.7927382222801
"tg",21.25,"21:15",-86.139924247764,-141.487110056508,-30.7927384390198
"tg",21.3333333333333,"21:20",-86.1399244647973,-141.48711027465,-30.7927386549442
"tg",21.4166666666667,"21:25",-86.1399246808589,-141.487110491733,-30.7927388699847
"tg",21.5,"21:30",-86.1399248872034,-141.487110698222,-30.7927390761852
"tg",21.5833333333333,"21:35",-86.139925093548,-141.48711090471,-30.7927392823857
"tg",21.6666666666667,"21:40",-86.1399252962364,-141.487111107165,-30.7927394853078
"tg",21.75,"21:45",-86.1399254905158,-141.487111300342,-30.7927396806895
"tg",21.8333333333333,"21:50",-86.1399256847952,-141.487111493519,-30.7927398760712
"tg",21.9166666666667,"21:55",-86.1399258745954,-141.487111681934,-30.7927400672568
"tg",22,"22:00",-86.13992606018,-141.487111865867,-30.7927402544932
"tg",22.0833333333333,"22:05",-86.1399262457645,-141.487112049799,-30.7927404417295
"tg",22.1666666666667,"22:10",-86.1399264278732,-141.487112230446,-30.7927406253002
"tg",22.25,"22:15",-86.1399266086785,-141.487112409861,-30.7927408074964
"tg",22.3333333333333,"22:20",-86.1399267894838,-141.487112589275,-30.7927409896925
"tg",22.4166666666667,"22:25",-86.1399269694777,-141.487112768661,-30.792741170294
"tg",22.5,"22:30",-86.1399271494193,-141.487112948046,-30.7927413507926
"tg",22.5833333333333,"22:35",-86.1399273298233,-141.487113128046,-30.7927415316007
"tg",22.6666666666667,"22:40",-86.1399275128169,-141.487113311492,-30.7927417141417
"tg",22.75,"22:45",-86.1399276958104,-141.487113494938,-30.7927418966826
"tg",22.8333333333333,"22:50",-86.1399278813376,-141.487113681189,-30.7927420814864
"tg",22.9166666666667,"22:55",-86.1399280712986,-141.487113872347,-30.79274227025
"tg",23,"23:00",-86.1399282612597,-141.487114063506,-30.7927424590137
"tg",23.0833333333333,"23:05",-86.1399284574867,-141.487114260995,-30.792742653979
"tg",23.1666666666667,"23:10",-86.1399286583309,-141.487114463148,-30.7927428535139
"tg",23.25,"23:15",-86.1399288591751,-141.487114665301,-30.7927430530488
"tg",23.3333333333333,"23:20",-86.1399290716788,-141.487114878562,-30.7927432647952
"tg",23.4166666666667,"23:25",-86.1399292873217,-141.487115094814,-30.7927434798292
"tg",23.5,"23:30",-86.1399295029645,-141.487115311066,-30.7927436948633
"tg",23.5833333333333,"23:35",-86.1399295029645,-141.487115311066,-30.7927436948633
"tg",23.6666666666667,"23:40",-86.1399295029645,-141.487115311066,-30.7927436948633
"tg",23.75,"23:45",-86.1399295029645,-141.487115311066,-30.7927436948633
"tg",23.8333333333333,"23:50",-86.1399295029645,-141.487115311066,-30.7927436948633
"tg",23.9166666666667,"23:55",-86.1399295029645,-141.487115311066,-30.7927436948633
"tg",24,"24:00",-86.1399295029645,-141.487115311066,-30.7927436948633
