"term","yind","hour","time","coef","se","lb","ub"
"Intercept",0.5,0.5,"00:30",-1.11730933314213,30.0993274447767,-60.1119911249045,57.8773724586202
"Intercept",0.732323232323232,0.732323232323232,"00:44",-1.11565047902111,30.0982087933535,-60.1081397139939,57.8768387559517
"Intercept",0.964646464646465,0.964646464646465,"00:58",-1.11288987071691,30.0971410874957,-60.1032864022085,57.8775066607747
"Intercept",1.1969696969697,1.1969696969697,"01:12",-1.10855800974782,30.0961708018116,-60.0970527812986,57.8799367618029
"Intercept",1.42929292929293,1.42929292929293,"01:26",-1.10218539763214,30.0953066270715,-60.0889863866923,57.884615591428
"Intercept",1.66161616161616,1.66161616161616,"01:40",-1.09330253588813,30.0945113234084,-60.0785447297686,57.8919396579923
"Intercept",1.89393939393939,1.89393939393939,"01:54",-1.08144188380584,30.0937194903929,-60.065132084976,57.9022483173643
"Intercept",2.12626262626263,2.12626262626263,"02:08",-1.06634328867624,30.0929046443716,-60.0484363916446,57.9157498142921
"Intercept",2.35858585858586,2.35858585858586,"02:22",-1.0481344096392,30.0921184110013,-60.0286864952018,57.9324176759234
"Intercept",2.59090909090909,2.59090909090909,"02:35",-1.02698544287544,30.0914065866815,-60.0061423527712,57.9521714670203
"Intercept",2.82323232323232,2.82323232323232,"02:49",-1.00306658456567,30.0907740249589,-59.9809836734852,57.9748505043539
"Intercept",3.05555555555556,3.05555555555556,"03:03",-0.976548030890605,30.090180711911,-59.9533022262362,58.000206164455
"Intercept",3.28787878787879,3.28787878787879,"03:17",-0.94760139284928,30.0895646127107,-59.9231480337623,58.0279452480637
"Intercept",3.52020202020202,3.52020202020202,"03:31",-0.916445003432734,30.0889174117071,-59.8907231303787,58.0578331235132
"Intercept",3.75252525252525,3.75252525252525,"03:45",-0.883353491808285,30.0882964825156,-59.8564145975389,58.0897076139223
"Intercept",3.98484848484848,3.98484848484848,"03:59",-0.848604837681138,30.0877436255144,-59.8205823436894,58.1233726683271
"Intercept",4.21717171717172,4.21717171717172,"04:13",-0.812477020756492,30.0872570921009,-59.7835009212743,58.1585468797613
"Intercept",4.44949494949495,4.44949494949495,"04:27",-0.775248020739551,30.0867918431407,-59.7453600332954,58.1948639918163
"Intercept",4.68181818181818,4.68181818181818,"04:41",-0.737209611965224,30.0862883434902,-59.706334765206,58.2319155412755
"Intercept",4.91414141414141,4.91414141414141,"04:55",-0.698865410747004,30.0857542410997,-59.6669437233024,58.2692129018084
"Intercept",5.14646464646465,5.14646464646465,"05:09",-0.660884934152262,30.0852485977382,-59.627972185719,58.3062023174145
"Intercept",5.37878787878788,5.37878787878788,"05:23",-0.623942133173542,30.0848073060305,-59.5901644529932,58.3422801866461
"Intercept",5.61111111111111,5.61111111111111,"05:37",-0.588710958803389,30.0844210089564,-59.5541761363579,58.3767542187511
"Intercept",5.84343434343434,5.84343434343434,"05:51",-0.555865362034348,30.0840396127851,-59.5205830030931,58.4088522790244
"Intercept",6.07575757575758,6.07575757575758,"06:05",-0.525984981128718,30.0836084051389,-59.4898574552009,58.4378874929435
"Intercept",6.30808080808081,6.30808080808081,"06:18",-0.498850909682879,30.0831511993635,-59.4618272604353,58.4641254410695
"Intercept",6.54040404040404,6.54040404040404,"06:32",-0.473842350838231,30.0827279633821,-59.4359891590671,58.4883044573907
"Intercept",6.77272727272727,6.77272727272727,"06:46",-0.45033545338537,30.0823694360154,-59.4117795479755,58.5111086412048
"Intercept",7.00505050505051,7.00505050505051,"07:00",-0.427706366114891,30.08206001234,-59.3885439903013,58.5331312580716
"Intercept",7.23737373737374,7.23737373737374,"07:14",-0.40533123781739,30.081746510956,-59.3655543992912,58.5548919236565
"Intercept",7.46969696969697,7.46969696969697,"07:28",-0.38266240078498,30.0813828048341,-59.3421726982599,58.5768478966899
"Intercept",7.7020202020202,7.7020202020202,"07:42",-0.359536275810325,30.0810058121701,-59.3183076676637,58.599235116043
"Intercept",7.93434343434343,7.93434343434343,"07:56",-0.335910054485334,30.080672540947,-59.2940282347415,58.6222081257708
"Intercept",8.16666666666667,8.16666666666667,"08:10",-0.311740972413784,30.0804060313582,-59.2693367938758,58.6458548490482
"Intercept",8.3989898989899,8.3989898989899,"08:24",-0.28698626519945,30.080182630953,-59.2441442218674,58.6701716914685
"Intercept",8.63131313131313,8.63131313131313,"08:38",-0.261603196730025,30.079944973444,-59.2182953446803,58.6950889512202
"Intercept",8.86363636363636,8.86363636363636,"08:52",-0.235602470163838,30.079656928249,-59.1917300495319,58.7205251092042
"Intercept",9.0959595959596,9.0959595959596,"09:06",-0.209159293746591,30.0793657753961,-59.1647162135229,58.7463976260298
"Intercept",9.32828282828283,9.32828282828283,"09:20",-0.182480428043763,30.0791251153546,-59.1375656541387,58.7726047980512
"Intercept",9.56060606060606,9.56060606060606,"09:34",-0.155772633620836,30.0789507740707,-59.1105161507994,58.7989708835577
"Intercept",9.79292929292929,9.79292929292929,"09:48",-0.12924267104329,30.0788123284697,-59.083714834844,58.8252294927574
"Intercept",10.0252525252525,10.0252525252525,"10:02",-0.103096488470923,30.0786505225799,-59.0572515127276,58.8510585357857
"Intercept",10.2575757575758,10.2575757575758,"10:15",-0.077444375512295,30.0784426656984,-59.0311920002811,58.8763032492566
"Intercept",10.489898989899,10.489898989899,"10:29",-0.0522122432390533,30.0782426639963,-59.0055678646718,58.9011433781937
"Intercept",10.7222222222222,10.7222222222222,"10:43",-0.0273050135276882,30.0780988688129,-58.980378796401,58.9257687693457
"Intercept",10.9545454545455,10.9545454545455,"10:57",-0.00262760825469039,30.0780186432566,-58.9555441490377,58.9502889325283
"Intercept",11.1868686868687,11.1868686868687,"11:11",0.0219150507034493,30.0779641513198,-58.9308946858834,58.9747247872903
"Intercept",11.4191919191919,11.4191919191919,"11:25",0.0464203991570894,30.0778748425769,-58.9062142922937,58.9990550906079
"Intercept",11.6515151515152,11.6515151515152,"11:39",0.0710686762996009,30.0777428865414,-58.8813073813216,59.0234447339208
"Intercept",11.8838383838384,11.8838383838384,"11:53",0.0961428280363806,30.0776271485148,-58.8560063830527,59.0482920391254
"Intercept",12.1161616161616,12.1161616161616,"12:07",0.121932196616262,30.0775714151372,-58.8301077770527,59.0739721702852
"Intercept",12.3484848484848,12.3484848484848,"12:21",0.148726124288078,30.0775759711381,-58.8033227791426,59.1007750277187
"Intercept",12.5808080808081,12.5808080808081,"12:35",0.176813953300661,30.0775975989295,-58.7752773406012,59.1289052472025
"Intercept",12.8131313131313,12.8131313131313,"12:49",0.20645665948033,30.077577965562,-58.7455961530212,59.1585094719819
"Intercept",13.0454545454545,13.0454545454545,"13:03",0.23745973623321,30.0775248583244,-58.7144889860826,59.189408458549
"Intercept",13.2777777777778,13.2777777777778,"13:17",0.269261461575598,30.0774983214016,-58.6826352483716,59.2211581715228
"Intercept",13.510101010101,13.510101010101,"13:31",0.301289657684139,30.077535671667,-58.6506802587832,59.2532595741515
"Intercept",13.7424242424242,13.7424242424242,"13:45",0.33297214673548,30.0776290261895,-58.6191807445959,59.2851250380668
"Intercept",13.9747474747475,13.9747474747475,"13:58",0.363736750906268,30.0777295124538,-58.5886130935032,59.3160865953158
"Intercept",14.2070707070707,14.2070707070707,"14:12",0.393057776881619,30.0777827974249,-58.5593965060712,59.3455120598345
"Intercept",14.4393939393939,14.4393939393939,"14:26",0.420817872190443,30.0778119831991,-58.5316936148797,59.3733293592606
"Intercept",14.6717171717172,14.6717171717172,"14:40",0.447111538160816,30.0778771727818,-58.5055277204914,59.3997507968131
"Intercept",14.9040404040404,14.9040404040404,"14:54",0.472035075345531,30.0780096395166,-58.4808638181071,59.4249339687982
"Intercept",15.1363636363636,15.1363636363636,"15:08",0.495684784297386,30.0781944058916,-58.4575762512502,59.448945819845
"Intercept",15.3686868686869,15.3686868686869,"15:22",0.518156965569176,30.0783787176432,-58.4354653210115,59.4717792521498
"Intercept",15.6010101010101,15.6010101010101,"15:36",0.539542375265938,30.07851598,-58.4143489455341,59.493433696066
"Intercept",15.8333333333333,15.8333333333333,"15:50",0.559902862272279,30.0786421760946,-58.3942358028732,59.5140415274178
"Intercept",16.0656565656566,16.0656565656566,"16:04",0.579290884998625,30.0788142546741,-58.3751850541627,59.5337668241599
"Intercept",16.2979797979798,16.2979797979798,"16:18",0.597758896885283,30.0790554490349,-58.3571897832231,59.5527075769937
"Intercept",16.530303030303,16.530303030303,"16:32",0.615359351372562,30.0793422969356,-58.3401515506212,59.5708702533664
"Intercept",16.7626262626263,16.7626262626263,"16:46",0.632144707839219,30.0796173657837,-58.3239053290967,59.5881947447752
"Intercept",16.9949494949495,16.9949494949495,"17:00",0.64818372107001,30.0798436572531,-58.308309847146,59.6046772892861
"Intercept",17.2272727272727,17.2272727272727,"17:14",0.663596970281537,30.0800683171156,-58.2933369312651,59.6205308718282
"Intercept",17.459595959596,17.459595959596,"17:28",0.678515314005403,30.0803457633473,-58.2789623821553,59.6359930101661
"Intercept",17.6919191919192,17.6919191919192,"17:42",0.693069610773205,30.0806928348796,-58.2650883455909,59.6512275671373
"Intercept",17.9242424242424,17.9242424242424,"17:55",0.707390719116543,30.0810800230498,-58.251526126061,59.6663075642941
"Intercept",18.1565656565657,18.1565656565657,"18:09",0.721608609012781,30.0814485846781,-58.2380306169564,59.681247834982
"Intercept",18.3888888888889,18.3888888888889,"18:23",0.735736334770986,30.0817756055462,-58.2245438520996,59.6960165216415
"Intercept",18.6212121212121,18.6212121212121,"18:37",0.749554642661736,30.0821160518303,-58.2113928189257,59.7105021042492
"Intercept",18.8535353535354,18.8535353535354,"18:51",0.762816842036547,30.0825201939503,-58.198922738106,59.7245564221791
"Intercept",19.0858585858586,19.0858585858586,"19:05",0.775276242246932,30.0829975620464,-58.187398979364,59.7379514638579
"Intercept",19.3181818181818,19.3181818181818,"19:19",0.786686152644407,30.0835124323472,-58.1769982147562,59.750370520045
"Intercept",19.5505050505051,19.5505050505051,"19:33",0.796810638540546,30.0840058891406,-58.1678409041749,59.761462181256
"Intercept",19.7828282828283,19.7828282828283,"19:47",0.80581621269739,30.0844696694094,-58.159744339345,59.7713767647398
"Intercept",20.0151515151515,20.0151515151515,"20:01",0.814383281046189,30.084961721671,-58.1521416934289,59.7809082555213
"Intercept",20.2474747474747,20.2474747474747,"20:15",0.82322571298009,30.0855254334802,-58.144404136641,59.7908555626012
"Intercept",20.479797979798,20.479797979798,"20:29",0.83305737789224,30.0861608978917,-58.1358179819755,59.80193273776
"Intercept",20.7121212121212,20.7121212121212,"20:43",0.844592145175785,30.0868246550917,-58.1255841788039,59.8147684691554
"Intercept",20.9444444444444,20.9444444444444,"20:57",0.858506873345456,30.0874577155847,-58.1129102492005,59.8299239958914
"Intercept",21.1767676767677,21.1767676767677,"21:11",0.874856559289766,30.0880675372174,-58.0977558136563,59.8474689322358
"Intercept",21.4090909090909,21.4090909090909,"21:25",0.893180097102253,30.088715925882,-58.0807031176264,59.8670633118309
"Intercept",21.6414141414141,21.6414141414141,"21:38",0.913000752439861,30.0894426833959,-58.062306907016,59.8883084118958
"Intercept",21.8737373737374,21.8737373737374,"21:52",0.933841790959534,30.09024274009,-58.0430339796169,59.9107175615359
"Intercept",22.1060606060606,22.1060606060606,"22:06",0.955226478318216,30.0910700798853,-58.023270878257,59.9337238348934
"Intercept",22.3383838383838,22.3383838383838,"22:20",0.97667545657662,30.0918728780037,-58.0033953843107,59.9567462974639
"Intercept",22.5707070707071,22.5707070707071,"22:34",0.997685448366994,30.0926776169753,-57.9839626809046,59.9793335776386
"Intercept",22.8030303030303,22.8030303030303,"22:48",1.01774038506091,30.0935498016398,-57.9656172261532,60.001097996275
"Intercept",23.0353535353535,23.0353535353535,"23:02",1.03632407727865,30.0945267747245,-57.9489484011813,60.0215965557386
"Intercept",23.2676767676768,23.2676767676768,"23:16",1.0529203356405,30.095599944316,-57.9344555552189,60.0402962264999
"Intercept",23.5,23.5,"23:30",1.06701297076673,30.096722931411,-57.9225639747987,60.0565899163322
"group",0.5,0.5,"00:30",195.223176298847,37.8696358964582,120.998689941789,269.447662655905
"group",0.732323232323232,0.732323232323232,"00:44",195.223176320852,37.8696358960813,120.998689964533,269.447662677171
"group",0.964646464646465,0.964646464646465,"00:58",195.223176332473,37.8696358953678,120.998689977552,269.447662687394
"group",1.1969696969697,1.1969696969697,"01:12",195.223176337285,37.8696358947135,120.998689983646,269.447662690923
"group",1.42929292929293,1.42929292929293,"01:26",195.223176338865,37.8696358944268,120.998689985789,269.447662691942
"group",1.66161616161616,1.66161616161616,"01:40",195.223176340791,37.8696358946368,120.998689987303,269.447662694279
"group",1.89393939393939,1.89393939393939,"01:54",195.223176346638,37.8696358952585,120.998689991932,269.447662701345
"group",2.12626262626263,2.12626262626263,"02:08",195.223176359984,37.8696358960136,120.998690003797,269.44766271617
"group",2.35858585858586,2.35858585858586,"02:22",195.223176384404,37.8696358965081,120.998690027248,269.44766274156
"group",2.59090909090909,2.59090909090909,"02:35",195.223176423132,37.8696358964033,120.998690066182,269.447662780083
"group",2.82323232323232,2.82323232323232,"02:49",195.223176476414,37.8696358958361,120.998690120575,269.447662832253
"group",3.05555555555556,3.05555555555556,"03:03",195.223176542955,37.8696358952067,120.99869018835,269.44766289756
"group",3.28787878787879,3.28787878787879,"03:17",195.223176621451,37.8696358948607,120.998690267524,269.447662975378
"group",3.52020202020202,3.52020202020202,"03:31",195.223176710594,37.8696358949827,120.998690356428,269.44766306476
"group",3.75252525252525,3.75252525252525,"03:45",195.223176809079,37.8696358955462,120.998690453808,269.44766316435
"group",3.98484848484848,3.98484848484848,"03:59",195.2231769156,37.869635896321,120.99869055881,269.447663272389
"group",4.21717171717172,4.21717171717172,"04:13",195.22317702885,37.8696358969364,120.998690670855,269.447663386845
"group",4.44949494949495,4.44949494949495,"04:27",195.22317714746,37.8696358970127,120.998690789315,269.447663505605
"group",4.68181818181818,4.68181818181818,"04:41",195.223177268596,37.8696358965498,120.998690911358,269.447663625834
"group",4.91414141414141,4.91414141414141,"04:55",195.223177387959,37.869635895928,120.99869103194,269.447663743978
"group",5.14646464646465,5.14646464646465,"05:09",195.223177501187,37.8696358955181,120.998691145971,269.447663856402
"group",5.37878787878788,5.37878787878788,"05:23",195.223177603916,37.8696358955505,120.998691248638,269.447663959195
"group",5.61111111111111,5.61111111111111,"05:37",195.223177691786,37.8696358960519,120.998691335524,269.447664048048
"group",5.84343434343434,5.84343434343434,"05:51",195.223177760433,37.8696358968382,120.99869140263,269.447664118236
"group",6.07575757575758,6.07575757575758,"06:05",195.223177805496,37.8696358975637,120.998691446271,269.447664164721
"group",6.30808080808081,6.30808080808081,"06:18",195.223177822634,37.8696358978287,120.99869146289,269.447664182378
"group",6.54040404040404,6.54040404040404,"06:32",195.223177810302,37.8696358974949,120.998691451212,269.447664169392
"group",6.77272727272727,6.77272727272727,"06:46",195.22317777238,37.8696358968969,120.998691414462,269.447664130298
"group",7.00505050505051,7.00505050505051,"07:00",195.223177713371,37.8696358964242,120.998691356379,269.447664070362
"group",7.23737373737374,7.23737373737374,"07:14",195.223177637778,37.8696358963507,120.99869128093,269.447663994625
"group",7.46969696969697,7.46969696969697,"07:28",195.223177550104,37.869635896757,120.99869119246,269.447663907747
"group",7.7020202020202,7.7020202020202,"07:42",195.223177454852,37.8696358975093,120.998691095733,269.44766381397
"group",7.93434343434343,7.93434343434343,"07:56",195.223177356525,37.8696358982948,120.998690995867,269.447663717183
"group",8.16666666666667,8.16666666666667,"08:10",195.223177259627,37.8696358987133,120.998690898148,269.447663621105
"group",8.3989898989899,8.3989898989899,"08:24",195.223177167802,37.8696358985099,120.998690806722,269.447663528881
"group",8.63131313131313,8.63131313131313,"08:38",195.223177081265,37.8696358979389,120.998690721305,269.447663441225
"group",8.86363636363636,8.86363636363636,"08:52",195.223176999374,37.8696358973998,120.99869064047,269.447663358278
"group",9.0959595959596,9.0959595959596,"09:06",195.223176921484,37.869635897205,120.998690562963,269.447663280006
"group",9.32828282828283,9.32828282828283,"09:20",195.223176846954,37.8696358974875,120.998690487878,269.447663206029
"group",9.56060606060606,9.56060606060606,"09:34",195.223176775139,37.8696358981661,120.998690414733,269.447663135544
"group",9.79292929292929,9.79292929292929,"09:48",195.223176705396,37.8696358989664,120.998690343422,269.44766306737
"group",10.0252525252525,10.0252525252525,"10:02",195.223176637083,37.8696358994981,120.998690274067,269.447663000099
"group",10.2575757575758,10.2575757575758,"10:15",195.223176569622,37.8696358994263,120.998690206747,269.447662932498
"group",10.489898989899,10.489898989899,"10:29",195.223176503013,37.8696358988884,120.998690141192,269.447662864834
"group",10.7222222222222,10.7222222222222,"10:43",195.223176437551,37.8696358982836,120.998690076915,269.447662798186
"group",10.9545454545455,10.9545454545455,"10:57",195.223176373533,37.8696358979569,120.998690013538,269.447662733529
"group",11.1868686868687,11.1868686868687,"11:11",195.223176311259,37.8696358980921,120.998689950998,269.447662671519
"group",11.4191919191919,11.4191919191919,"11:25",195.223176251025,37.8696358986616,120.998689889648,269.447662612402
"group",11.6515151515152,11.6515151515152,"11:39",195.223176193131,37.8696358994346,120.998689830239,269.447662556022
"group",11.8838383838384,11.8838383838384,"11:53",195.223176137873,37.8696359000394,120.998689773796,269.44766250195
"group",12.1161616161616,12.1161616161616,"12:07",195.223176085564,37.8696359000955,120.998689721376,269.447662449751
"group",12.3484848484848,12.3484848484848,"12:21",195.223176036819,37.8696358996028,120.998689673598,269.447662400041
"group",12.5808080808081,12.5808080808081,"12:35",195.223175992562,37.8696358989416,120.998689630636,269.447662354487
"group",12.8131313131313,12.8131313131313,"12:49",195.223175953726,37.8696358984831,120.998689592699,269.447662314753
"group",13.0454545454545,13.0454545454545,"13:03",195.223175921249,37.8696358984582,120.998689560271,269.447662282227
"group",13.2777777777778,13.2777777777778,"13:17",195.223175896064,37.869635898894,120.998689534232,269.447662257896
"group",13.510101010101,13.510101010101,"13:31",195.223175879108,37.8696358996065,120.998689515879,269.447662242336
"group",13.7424242424242,13.7424242424242,"13:45",195.223175871315,37.8696359002505,120.998689506824,269.447662235806
"group",13.9747474747475,13.9747474747475,"13:58",195.223175873614,37.8696359004266,120.998689508778,269.44766223845
"group",14.2070707070707,14.2070707070707,"14:12",195.223175886132,37.8696358999969,120.998689522138,269.447662250126
"group",14.4393939393939,14.4393939393939,"14:26",195.223175907436,37.8696358992963,120.998689544815,269.447662270057
"group",14.6717171717172,14.6717171717172,"14:40",195.223175935914,37.8696358987145,120.998689574433,269.447662297394
"group",14.9040404040404,14.9040404040404,"14:54",195.223175969955,37.8696358985257,120.998689608844,269.447662331065
"group",15.1363636363636,15.1363636363636,"15:08",195.223176007947,37.8696358988107,120.998689646278,269.447662369616
"group",15.3686868686869,15.3686868686869,"15:22",195.223176048278,37.869635899436,120.998689685384,269.447662411173
"group",15.6010101010101,15.6010101010101,"15:36",195.223176089338,37.8696359000892,120.998689725163,269.447662453513
"group",15.8333333333333,15.8333333333333,"15:50",195.223176129514,37.8696359003703,120.998689764788,269.44766249424
"group",16.0656565656566,16.0656565656566,"16:04",195.223176167228,37.8696359000246,120.99868980318,269.447662531276
"group",16.2979797979798,16.2979797979798,"16:18",195.22317620103,37.8696358993067,120.998689838389,269.447662563671
"group",16.530303030303,16.530303030303,"16:32",195.223176229505,37.8696358986164,120.998689868217,269.447662590794
"group",16.7626262626263,16.7626262626263,"16:46",195.223176251237,37.869635898266,120.998689890636,269.447662611839
"group",16.9949494949495,16.9949494949495,"17:00",195.22317626481,37.8696358983891,120.998689903967,269.447662625653
"group",17.2272727272727,17.2272727272727,"17:14",195.223176268807,37.8696358989045,120.998689906955,269.44766263066
"group",17.459595959596,17.459595959596,"17:28",195.223176261813,37.869635899538,120.998689898719,269.447662624908
"group",17.6919191919192,17.6919191919192,"17:42",195.223176242412,37.8696358998996,120.998689878608,269.447662606215
"group",17.9242424242424,17.9242424242424,"17:55",195.223176209508,37.8696358996546,120.998689846185,269.447662572831
"group",18.1565656565657,18.1565656565657,"18:09",195.223176164801,37.8696358989408,120.998689802877,269.447662526725
"group",18.3888888888889,18.3888888888889,"18:23",195.223176111433,37.8696358981579,120.998689751043,269.447662471822
"group",18.6212121212121,18.6212121212121,"18:37",195.223176052553,37.8696358976515,120.998689693156,269.44766241195
"group",18.8535353535354,18.8535353535354,"18:51",195.223175991313,37.8696358976056,120.998689632006,269.44766235062
"group",19.0858585858586,19.0858585858586,"19:05",195.223175930864,37.8696358979934,120.998689570797,269.447662290931
"group",19.3181818181818,19.3181818181818,"19:19",195.223175874359,37.8696358985842,120.998689513134,269.447662235584
"group",19.5505050505051,19.5505050505051,"19:33",195.223175824947,37.8696358990073,120.998689462893,269.447662187002
"group",19.7828282828283,19.7828282828283,"19:47",195.22317578571,37.8696358988823,120.9986894239,269.447662147519
"group",20.0151515151515,20.0151515151515,"20:01",195.223175758067,37.869635898209,120.998689397577,269.447662118556
"group",20.2474747474747,20.2474747474747,"20:15",195.223175741782,37.8696358973672,120.998689382942,269.447662100621
"group",20.479797979798,20.479797979798,"20:29",195.223175736547,37.8696358967274,120.998689378961,269.447662094132
"group",20.7121212121212,20.7121212121212,"20:43",195.223175742052,37.8696358965199,120.998689384873,269.447662099231
"group",20.9444444444444,20.9444444444444,"20:57",195.22317575799,37.869635896771,120.998689400319,269.447662115661
"group",21.1767676767677,21.1767676767677,"21:11",195.223175784051,37.8696358972962,120.99868942535,269.447662142752
"group",21.4090909090909,21.4090909090909,"21:25",195.223175819927,37.8696358977496,120.998689460338,269.447662179516
"group",21.6414141414141,21.6414141414141,"21:38",195.223175865302,37.8696358977311,120.99868950575,269.447662224855
"group",21.8737373737374,21.8737373737374,"21:52",195.223175919072,37.8696358971041,120.998689560748,269.447662277396
"group",22.1060606060606,22.1060606060606,"22:06",195.223175978596,37.8696358962083,120.998689622027,269.447662335164
"group",22.3383838383838,22.3383838383838,"22:20",195.223176041057,37.869635895439,120.998689685996,269.447662396117
"group",22.5707070707071,22.5707070707071,"22:34",195.223176103639,37.8696358950755,120.998689749291,269.447662457986
"group",22.8030303030303,22.8030303030303,"22:48",195.223176163525,37.8696358952042,120.998689808925,269.447662518125
"group",23.0353535353535,23.0353535353535,"23:02",195.2231762179,37.8696358956969,120.998689862334,269.447662573465
"group",23.2676767676768,23.2676767676768,"23:16",195.223176263946,37.8696358962464,120.998689907303,269.447662620589
"group",23.5,23.5,"23:30",195.223176298847,37.8696358964582,120.998689941789,269.447662655905
"age",0.5,0.5,"00:30",-8.81013916313147e-08,0.000114152840482076,-0.000223827668736499,0.000223651465953237
"age",0.732323232323232,0.732323232323232,"00:44",-9.81654817937455e-08,0.000113991994602164,-0.000223522474902035,0.000223326143938448
"age",0.964646464646465,0.964646464646465,"00:58",-1.08895689902763e-07,0.000113640581901123,-0.000222844436216104,0.000222626644836299
"age",1.1969696969697,1.1969696969697,"01:12",-1.19881245620316e-07,0.000113305524532442,-0.000222198709329207,0.000221958946837966
"age",1.42929292929293,1.42929292929293,"01:26",-1.30711378608352e-07,0.000113150286388796,-0.000221905272700648,0.000221643849943431
"age",1.66161616161616,1.66161616161616,"01:40",-1.40975318528819e-07,0.000113245252329226,-0.000222101669883812,0.000221819719246754
"age",1.89393939393939,1.89393939393939,"01:54",-1.50262295043666e-07,0.00011354768051934,-0.000222703716112951,0.000222403191522863
"age",2.12626262626263,2.12626262626263,"02:08",-1.58161537814841e-07,0.000113913806889537,-0.000223429223041307,0.000223112899965677
"age",2.35858585858586,2.35858585858586,"02:22",-1.64262276504292e-07,0.000114141464143557,-0.000223881531997875,0.000223553007444866
"age",2.59090909090909,2.59090909090909,"02:35",-1.6819667112975e-07,0.000114058137709484,-0.000223722146581719,0.00022338575323946
"age",2.82323232323232,2.82323232323232,"02:49",-1.69970534805572e-07,0.000113734739632057,-0.000223090060213637,0.000222750119144026
"age",3.05555555555556,3.05555555555556,"03:03",-1.69782072240547e-07,0.000113377513974414,-0.000222389709462092,0.000222050145317611
"age",3.28787878787879,3.28787878787879,"03:17",-1.67831078156644e-07,0.000113166501517614,-0.00022197417405268,0.000221638511896366
"age",3.52020202020202,3.52020202020202,"03:31",-1.6431734727583e-07,0.000113198462269078,-0.000222033303394669,0.000221704668700117
"age",3.75252525252525,3.75252525252525,"03:45",-1.59440674320071e-07,0.000113459063550365,-0.000222539205233036,0.000222220323884396
"age",3.98484848484848,3.98484848484848,"03:59",-1.53400854011335e-07,0.000113826927769289,-0.000223254179281818,0.000222947377573796
"age",4.21717171717172,4.21717171717172,"04:13",-1.4639768107159e-07,0.000114108978711734,-0.000223799995956071,0.000223507200593927
"age",4.44949494949495,4.44949494949495,"04:27",-1.38630562793444e-07,0.000114108978805243,-0.000223792229021071,0.000223514967895484
"age",4.68181818181818,4.68181818181818,"04:41",-1.30289995594281e-07,0.000113826928053193,-0.000223231068979852,0.000222970488988663
"age",4.91414141414141,4.91414141414141,"04:55",-1.21557565016261e-07,0.000113459064034045,-0.000222501323071744,0.000222258207941711
"age",5.14646464646465,5.14646464646465,"05:09",-1.12614469172182e-07,0.000113198462966524,-0.000221981601883559,0.000221756372945214
"age",5.37878787878788,5.37878787878788,"05:23",-1.03641906174846e-07,0.000113166502446174,-0.000221909986700676,0.000221702702888326
"age",5.61111111111111,5.61111111111111,"05:37",-9.48210741370521e-08,0.000113377515154162,-0.000222314750776294,0.00022212510862802
"age",5.84343434343434,5.84343434343434,"05:51",-8.63331711716016e-08,0.000113734741086043,-0.000223006425699816,0.000222833759357473
"age",6.07575757575758,6.07575757575758,"06:05",-7.83593953912947e-08,0.000114058139464769,-0.000223632312746338,0.000223475593955556
"age",6.30808080808081,6.30808080808081,"06:18",-7.10801158187705e-08,0.000114141466232391,-0.000223788353931305,0.000223646193699667
"age",6.54040404040404,6.54040404040404,"06:32",-6.45753815671677e-08,0.000113913809341971,-0.00022333564169183,0.000223206490928695
"age",6.77272727272727,6.77272727272727,"06:46",-5.87304055617519e-08,0.00011354768334478,-0.000222612189761331,0.000222494728950208
"age",7.00505050505051,7.00505050505051,"07:00",-5.3408015293437e-08,0.000113245255508954,-0.000222014108812843,0.000221907292782256
"age",7.23737373737374,7.23737373737374,"07:14",-4.84710382531375e-08,0.000113150289872288,-0.000221823039187938,0.000221726097111432
"age",7.46969696969697,7.46969696969697,"07:28",-4.37823019317673e-08,0.0001133055282376,-0.000222122617647629,0.000222035053043765
"age",7.7020202020202,7.7020202020202,"07:42",-3.92046338202406e-08,0.00011364058571845,-0.000222774752641982,0.000222696343374342
"age",7.93434343434343,7.93434343434343,"07:56",-3.46008614094717e-08,0.000113991998401156,-0.000223458917727675,0.000223389716004856
"age",8.16666666666667,8.16666666666667,"08:10",-2.98338121903747e-08,0.000114152844117384,-0.000223769408282264,0.000223709740657883
"age",8.3989898989899,8.3989898989899,"08:24",-2.48014591151975e-08,0.000113991997921041,-0.000223449117384355,0.000223399514466125
"age",8.63131313131313,8.63131313131313,"08:38",-1.95423569815235e-08,0.000113640584760021,-0.000222755088486624,0.000222716003772661
"age",8.86363636363636,8.86363636363636,"08:52",-1.41302060482696e-08,0.000113305526807616,-0.000222092962748975,0.000222064702336879
"age",9.0959595959596,9.0959595959596,"09:06",-8.63870657435292e-09,0.000113150287985163,-0.000221783203157494,0.000221765925744345
"age",9.32828282828283,9.32828282828283,"09:20",-3.14155881869046e-09,0.000113245253187337,-0.000221963837806,0.000221957554688363
"age",9.56060606060606,9.56060606060606,"09:34",2.28753695980064e-09,0.000113547680617533,-0.000222551166473405,0.000222555741547325
"age",9.79292929292929,9.79292929292929,"09:48",7.57488050220337e-09,0.000113913806240319,-0.000223263485350524,0.000223278635111528
"age",10.0252525252525,10.0252525252525,"10:02",1.26467715496007e-08,0.000114141462785978,-0.000223704620288967,0.000223729913832066
"age",10.2575757575758,10.2575757575758,"10:15",1.74451453732427e-08,0.000114058135700261,-0.000223536500827138,0.000223571391117884
"age",10.489898989899,10.489898989899,"10:29",2.2048024266205e-08,0.00011373473703443,-0.000222898036563217,0.000222942132611749
"age",10.7222222222222,10.7222222222222,"10:43",2.66035008604605e-08,0.000113377510856935,-0.000222193317778732,0.000222246524780453
"age",10.9545454545455,10.9545454545455,"10:57",3.12602468816922e-08,0.000113166497955967,-0.000221775075746814,0.000221837596240578
"age",11.1868686868687,11.1868686868687,"11:11",3.61669340555827e-08,0.000113198458344263,-0.000221832811420699,0.000221905145288811
"age",11.4191919191919,11.4191919191919,"11:25",4.14722341078151e-08,0.000113459059343571,-0.00022233828407929,0.000222421228547506
"age",11.6515151515152,11.6515151515152,"11:39",4.73248187640721e-08,0.000113826923355411,-0.000223053444957842,0.00022314809459537
"age",11.8838383838384,11.8838383838384,"11:53",5.38733597500366e-08,0.000114108974154121,-0.000223599715982328,0.000223707462701828
"age",12.1161616161616,12.1161616161616,"12:07",6.12587105147945e-08,0.000114108974154121,-0.000223592330631563,0.000223714848052593
"age",12.3484848484848,12.3484848484848,"12:21",6.94419041457009e-08,0.000113826923355411,-0.00022303132787246,0.000223170211680751
"age",12.5808080808081,12.5808080808081,"12:35",7.82041533683808e-08,0.00011345905934357,-0.00022230155216003,0.000222457960466766
"age",12.8131313131313,12.8131313131313,"12:49",8.73188526318618e-08,0.000113198458344263,-0.000221781659502123,0.000221956297207387
"age",13.0454545454545,13.0454545454545,"13:03",9.65593963851715e-08,0.000113166497955967,-0.00022170977659731,0.000221902895390081
"age",13.2777777777778,13.2777777777778,"13:17",1.05699179077338e-07,0.000113377510856935,-0.000222114222100515,0.00022232562045867
"age",13.510101010101,13.510101010101,"13:31",1.14511595157389e-07,0.00011373473703443,-0.000222805572992325,0.00022303459618264
"age",13.7424242424242,13.7424242424242,"13:45",1.22770039074351e-07,0.00011405813570026,-0.000223431175933436,0.000223676716011585
"age",13.9747474747475,13.9747474747475,"13:58",1.30248429679621e-07,0.000114141462785977,-0.000223587018630836,0.000223847515490195
"age",14.2070707070707,14.2070707070707,"14:12",1.36784138511093e-07,0.000113913806240319,-0.000223134276092514,0.000223407844369537
"age",14.4393939393939,14.4393939393939,"14:26",1.4233777166308e-07,0.000113547680617533,-0.000222411116238701,0.000222695791782027
"age",14.6717171717172,14.6717171717172,"14:40",1.46884094093829e-07,0.000113245253187337,-0.000221813812153087,0.000222107580341274
"age",14.9040404040404,14.9040404040404,"14:54",1.50397870761583e-07,0.000113150287985163,-0.000221624166580157,0.00022192496232168
"age",15.1363636363636,15.1363636363636,"15:08",1.52853866624587e-07,0.000113305526807615,-0.000221925978676301,0.000222231686409551
"age",15.3686868686869,15.3686868686869,"15:22",1.54226846641087e-07,0.000113640584760021,-0.000222581319283,0.000222889772976282
"age",15.6010101010101,15.6010101010101,"15:36",1.54491575769325e-07,0.000113991997921041,-0.00022326982434947,0.000223578807501009
"age",15.8333333333333,15.8333333333333,"15:50",1.53622818967548e-07,0.000114152844117384,-0.000223585951651105,0.00022389319728904
"age",16.0656565656566,16.0656565656566,"16:04",1.51622305834973e-07,0.000113991998401155,-0.00022327269456043,0.000223575939172099
"age",16.2979797979798,16.2979797979798,"16:18",1.48599624534716e-07,0.00011364058571845,-0.000222586948383627,0.000222884147632696
"age",16.530303030303,16.530303030303,"16:32",1.44691327870866e-07,0.0001133055282376,-0.000221934144017825,0.000222223526673567
"age",16.7626262626263,16.7626262626263,"16:46",1.40033968647512e-07,0.000113150289872288,-0.000221634534181037,0.000221914602118332
"age",16.9949494949495,16.9949494949495,"17:00",1.34764099668742e-07,0.000113245255508953,-0.00022182593669788,0.000222095464897217
"age",17.2272727272727,17.2272727272727,"17:14",1.29018273738646e-07,0.00011354768334478,-0.00022242444108203,0.000222682477629508
"age",17.459595959596,17.459595959596,"17:28",1.22933043661312e-07,0.00011391380934197,-0.000223148133266601,0.000223393999353923
"age",17.6919191919192,17.6919191919192,"17:42",1.16644962240831e-07,0.000114141466232391,-0.000223600628853245,0.000223833918777726
"age",17.9242424242424,17.9242424242424,"17:55",1.10276028839983e-07,0.000114058139464769,-0.000223443677322106,0.000223664229379786
"age",18.1565656565657,18.1565656565657,"18:09",1.03821573980548e-07,0.000113734741086043,-0.000222816270954664,0.000223023914102625
"age",18.3888888888889,18.3888888888889,"18:23",9.72117072065967e-08,0.000113377515154162,-0.00022212271799495,0.000222317141409364
"age",18.6212121212121,18.6212121212121,"18:37",9.03759990458556e-08,0.000113166502446174,-0.000221715968795455,0.000221896720793547
"age",18.8535353535354,18.8535353535354,"18:51",8.32440200260505e-08,0.000113198462966524,-0.00022178574339436,0.000221952231434412
"age",19.0858585858586,19.0858585858586,"19:05",7.57453406749078e-08,0.000113459064034045,-0.000222304020166052,0.000222455510847402
"age",19.3181818181818,19.3181818181818,"19:19",6.78095315201536e-08,0.000113826928053193,-0.000223032969452737,0.000223168588515778
"age",19.5505050505051,19.5505050505051,"19:33",5.93661630895138e-08,0.000114108978805244,-0.000223594232295188,0.000223712964621367
"age",19.7828282828283,19.7828282828283,"19:47",5.03497794271287e-08,0.000114108978711734,-0.000223603248495572,0.000223703948054426
"age",20.0151515151515,20.0151515151515,"20:01",4.08093154546508e-08,0.000113826927769289,-0.000223059969112353,0.000223141587743262
"age",20.2474747474747,20.2474747474747,"20:15",3.09080969712462e-08,0.000113459063550366,-0.000222348856461745,0.000222410672655688
"age",20.479797979798,20.479797979798,"20:29",2.08144232924943e-08,0.000113198462269078,-0.000221848171624101,0.000221889800470686
"age",20.7121212121212,20.7121212121212,"20:43",1.06965937339747e-08,0.000113166501517614,-0.00022179564638079,0.000221817039568258
"age",20.9444444444444,20.9444444444444,"20:57",7.22907611266937e-10,0.000113377513974414,-0.000222219204482241,0.000222220650297463
"age",21.1767676767677,21.1767676767677,"21:11",-8.93833576004962e-09,0.000113734739632057,-0.000222929028014593,0.000222911151343073
"age",21.4090909090909,21.4090909090909,"21:25",-1.81188370643951e-08,0.000114058137709485,-0.000223572068747655,0.000223535831073526
"age",21.6414141414141,21.6414141414141,"21:38",-2.66513199102771e-08,0.000114141464143557,-0.000223743921041282,0.000223690618401461
"age",21.8737373737374,21.8737373737374,"21:52",-3.4492281720722e-08,0.000113913806889537,-0.000223305553785213,0.000223236569221772
"age",22.1060606060606,22.1060606060606,"22:06",-4.18386070791853e-08,0.000113547680519341,-0.000222595292424987,0.000222511615210828
"age",22.3383838383838,22.3383838383838,"22:20",-4.891479951947e-08,0.000113245252329226,-0.000222009609364803,0.000221911779765764
"age",22.5707070707071,22.5707070707071,"22:34",-5.59453625753789e-08,0.000113150286388796,-0.000221830506684615,0.000221718615959464
"age",22.8030303030303,22.8030303030303,"22:48",-6.31547997807151e-08,0.000113305524532442,-0.000222141982883368,0.000222015673283806
"age",23.0353535353535,23.0353535353535,"23:02",-7.07676146692812e-08,0.000113640581901123,-0.000222806308140871,0.000222664772911533
"age",23.2676767676768,23.2676767676768,"23:16",-7.90083107748801e-08,0.000113991994602164,-0.000223503317731016,0.000223345301109467
"age",23.5,23.5,"23:30",-8.81013916313147e-08,0.000114152840482076,-0.000223827668736499,0.000223651465953237
"male",0.5,0.5,"00:30",198.354754982979,29.4402174822657,140.651928717739,256.05758124822
"male",0.732323232323232,0.732323232323232,"00:44",198.354733858165,29.4402174131691,140.651907728353,256.057559987976
"male",0.964646464646465,0.964646464646465,"00:58",198.354712805396,29.4402172701999,140.651886955804,256.057538654987
"male",1.1969696969697,1.1969696969697,"01:12",198.354692293629,29.4402171393647,140.651866700474,256.057517886784
"male",1.42929292929293,1.42929292929293,"01:26",198.354672791821,29.4402170876793,140.651847299969,256.057498283672
"male",1.66161616161616,1.66161616161616,"01:40",198.354654768928,29.4402171432062,140.651829168244,256.057480369613
"male",1.89393939393939,1.89393939393939,"01:54",198.354638693908,29.4402172873767,140.65181281065,256.057464577167
"male",2.12626262626263,2.12626262626263,"02:08",198.354625035717,29.440217459597,140.651798814907,256.057451256527
"male",2.35858585858586,2.35858585858586,"02:22",198.354614263312,29.4402175741408,140.651787817996,256.057440708628
"male",2.59090909090909,2.59090909090909,"02:35",198.354606789845,29.440217557288,140.651780377561,256.05743320213
"male",2.82323232323232,2.82323232323232,"02:49",198.354602542775,29.4402174388098,140.651776362708,256.057428722843
"male",3.05555555555556,3.05555555555556,"03:03",198.354601199478,29.4402173057234,140.65177528026,256.057427118696
"male",3.28787878787879,3.28787878787879,"03:17",198.354602435263,29.4402172332677,140.651776658058,256.057428212468
"male",3.52020202020202,3.52020202020202,"03:31",198.354605925439,29.440217261567,140.651780092768,256.057431758111
"male",3.75252525252525,3.75252525252525,"03:45",198.354611345316,29.4402173848819,140.651785270948,256.057437419685
"male",3.98484848484848,3.98484848484848,"03:59",198.354618370203,29.440217553145,140.651791966039,256.057444774367
"male",4.21717171717172,4.21717171717172,"04:13",198.354626675409,29.4402176857811,140.651800011278,256.05745333954
"male",4.44949494949495,4.44949494949495,"04:27",198.354635943002,29.4402177001775,140.651809250654,256.05746263535
"male",4.68181818181818,4.68181818181818,"04:41",198.354646010482,29.4402175963834,140.65181952157,256.057472499393
"male",4.91414141414141,4.91414141414141,"04:55",198.354656870782,29.4402174571106,140.651830654845,256.057483086719
"male",5.14646464646465,5.14646464646465,"05:09",198.354668523595,29.4402173630327,140.651842492051,256.057494555139
"male",5.37878787878788,5.37878787878788,"05:23",198.354680968611,29.4402173643161,140.651854934552,256.057507002671
"male",5.61111111111111,5.61111111111111,"05:37",198.354694205524,29.4402174667989,140.651867970598,256.05752044045
"male",5.84343434343434,5.84343434343434,"05:51",198.354708234023,29.4402176304555,140.651881678331,256.057534789716
"male",6.07575757575758,6.07575757575758,"06:05",198.354723053802,29.4402177801459,140.651896204716,256.057549902888
"male",6.30808080808081,6.30808080808081,"06:18",198.354738664474,29.4402178289487,140.651911719734,256.057565609213
"male",6.54040404040404,6.54040404040404,"06:32",198.354755056256,29.4402177468514,140.651928272427,256.057581840084
"male",6.77272727272727,6.77272727272727,"06:46",198.354772201117,29.4402176066768,140.65194569203,256.057598710204
"male",7.00505050505051,7.00505050505051,"07:00",198.354790068929,29.440217493179,140.651963782298,256.05761635556
"male",7.23737373737374,7.23737373737374,"07:14",198.354808629564,29.4402174659789,140.651982396246,256.057634862883
"male",7.46969696969697,7.46969696969697,"07:28",198.354827852894,29.4402175426729,140.652001469255,256.057654236533
"male",7.7020202020202,7.7020202020202,"07:42",198.35484770879,29.4402176942258,140.652021028108,256.057674389473
"male",7.93434343434343,7.93434343434343,"07:56",198.354868167125,29.4402178526491,140.652041175933,256.057695158317
"male",8.16666666666667,8.16666666666667,"08:10",198.35488919777,29.4402179309638,140.652062053081,256.057716342459
"male",8.3989898989899,8.3989898989899,"08:24",198.354910744884,29.4402178737646,140.652083712305,256.057737777462
"male",8.63131313131313,8.63131313131313,"08:38",198.354932649769,29.4402177364309,140.652105886365,256.057759413174
"male",8.86363636363636,8.86363636363636,"08:52",198.354954728017,29.4402176059159,140.652128220421,256.057781235612
"male",9.0959595959596,9.0959595959596,"09:06",198.354976795216,29.4402175501824,140.652150396858,256.057803193573
"male",9.32828282828283,9.32828282828283,"09:20",198.354998666957,29.4402175982397,140.652172174407,256.057825159507
"male",9.56060606060606,9.56060606060606,"09:34",198.355020158829,29.4402177324656,140.652193403197,256.057846914462
"male",9.79292929292929,9.79292929292929,"09:48",198.355041086424,29.4402178932133,140.652214015726,256.057868157122
"male",10.0252525252525,10.0252525252525,"10:02",198.355061265329,29.4402179957029,140.652233993752,256.057888536907
"male",10.2575757575758,10.2575757575758,"10:15",198.355080545902,29.4402179670832,140.652253330419,256.057907761386
"male",10.489898989899,10.489898989899,"10:29",198.355099081092,29.4402178373163,140.652272119952,256.057926042232
"male",10.7222222222222,10.7222222222222,"10:43",198.355117179651,29.4402176932616,140.652290500858,256.057943858444
"male",10.9545454545455,10.9545454545455,"10:57",198.355135151619,29.440217609997,140.652308636025,256.057961667214
"male",11.1868686868687,11.1868686868687,"11:11",198.355153307037,29.440217627486,140.652326757165,256.05797985691
"male",11.4191919191919,11.4191919191919,"11:25",198.355171955945,29.4402177398285,140.652345185881,256.057998726009
"male",11.6515151515152,11.6515151515152,"11:39",198.355191408382,29.4402178967962,140.652364330662,256.058018486103
"male",11.8838383838384,11.8838383838384,"11:53",198.35521197439,29.4402180176532,140.65238465979,256.05803928899
"male",12.1161616161616,12.1161616161616,"12:07",198.355233944267,29.4402180196306,140.652406625791,256.058061262743
"male",12.3484848484848,12.3484848484848,"12:21",198.355257154282,29.4402179027299,140.652430064931,256.058084243632
"male",12.5808080808081,12.5808080808081,"12:35",198.355280986668,29.4402177497233,140.65245419721,256.058107776126
"male",12.8131313131313,12.8131313131313,"12:49",198.355304803921,29.4402176413498,140.652478226876,256.058131380967
"male",13.0454545454545,13.0454545454545,"13:03",198.355327968536,29.4402176278408,140.652501417968,256.058154519104
"male",13.2777777777778,13.2777777777778,"13:17",198.355349843007,29.4402177150997,140.652523121411,256.058176564602
"male",13.510101010101,13.510101010101,"13:31",198.355369789828,29.4402178631661,140.652542778022,256.058196801633
"male",13.7424242424242,13.7424242424242,"13:45",198.355387171494,29.4402179969652,140.652559897442,256.058214445545
"male",13.9747474747475,13.9747474747475,"13:58",198.355401352562,29.4402180296408,140.652574014466,256.058228690658
"male",14.2070707070707,14.2070707070707,"14:12",198.355411947183,29.440217931229,140.652584801974,256.058239092392
"male",14.4393939393939,14.4393939393939,"14:26",198.355419054254,29.4402177745702,140.652592216097,256.058245892412
"male",14.6717171717172,14.6717171717172,"14:40",198.355422828367,29.4402176444322,140.65259624528,256.058249411454
"male",14.9040404040404,14.9040404040404,"14:54",198.355423424112,29.4402176004497,140.652596927231,256.058249920993
"male",15.1363636363636,15.1363636363636,"15:08",198.355420996082,29.4402176602329,140.652594382025,256.058247610138
"male",15.3686868686869,15.3686868686869,"15:22",198.355415698867,29.4402177947605,140.652588821137,256.058242576598
"male",15.6010101010101,15.6010101010101,"15:36",198.355407687061,29.4402179360576,140.652580532388,256.058234841734
"male",15.8333333333333,15.8333333333333,"15:50",198.355397115253,29.4402179971591,140.652569840821,256.058224389684
"male",16.0656565656566,16.0656565656566,"16:04",198.355384188333,29.4402179226702,140.652557059899,256.058211316767
"male",16.2979797979798,16.2979797979798,"16:18",198.355369312381,29.440217767968,140.652542487164,256.058196137598
"male",16.530303030303,16.530303030303,"16:32",198.355352943776,29.4402176199999,140.652526408576,256.058179478975
"male",16.7626262626263,16.7626262626263,"16:46",198.355335538893,29.4402175467233,140.652509147316,256.058161930471
"male",16.9949494949495,16.9949494949495,"17:00",198.355317554112,29.4402175771416,140.652491102914,256.05814400531
"male",17.2272727272727,17.2272727272727,"17:14",198.35529944581,29.4402176936272,140.6524727663,256.058126125319
"male",17.459595959596,17.459595959596,"17:28",198.355281670364,29.4402178365276,140.652454710769,256.058108629958
"male",17.6919191919192,17.6919191919192,"17:42",198.355264684152,29.4402179210573,140.652437558879,256.058091809424
"male",17.9242424242424,17.9242424242424,"17:55",198.355248880767,29.4402178743631,140.652421847015,256.058075914518
"male",18.1565656565657,18.1565656565657,"18:09",198.35523410734,29.4402177264375,140.652407363522,256.058060851158
"male",18.3888888888889,18.3888888888889,"18:23",198.355219929634,29.4402175641869,140.652393503827,256.05804635544
"male",18.6212121212121,18.6212121212121,"18:37",198.355205911084,29.4402174627362,140.652379684122,256.058032138047
"male",18.8535353535354,18.8535353535354,"18:51",198.355191615129,29.440217462096,140.652365389421,256.058017840837
"male",19.0858585858586,19.0858585858586,"19:05",198.355176605204,29.4402175564134,140.652350194634,256.058003015774
"male",19.3181818181818,19.3181818181818,"19:19",198.355160444746,29.440217695507,140.652333761552,256.057987127939
"male",19.5505050505051,19.5505050505051,"19:33",198.355142697191,29.4402177986883,140.652315811762,256.05796958262
"male",19.7828282828283,19.7828282828283,"19:47",198.355122943683,29.4402177832299,140.652296088552,256.057949798814
"male",20.0151515151515,20.0151515151515,"20:01",198.355101172585,29.440217649054,140.652274580439,256.057927764731
"male",20.2474747474747,20.2474747474747,"20:15",198.355077779486,29.4402174787321,140.652251521171,256.057904037801
"male",20.479797979798,20.479797979798,"20:29",198.35505317768,29.4402173527971,140.652227166198,256.057879189162
"male",20.7121212121212,20.7121212121212,"20:43",198.35502778046,29.4402173212743,140.652201830762,256.057853730157
"male",20.9444444444444,20.9444444444444,"20:57",198.355002001118,29.4402173898611,140.652175916991,256.057828085246
"male",21.1767676767677,21.1767676767677,"21:11",198.35497625295,29.4402175183911,140.652149916903,256.057802588997
"male",21.4090909090909,21.4090909090909,"21:25",198.354950949248,29.4402176315835,140.652124391344,256.057777507152
"male",21.6414141414141,21.6414141414141,"21:38",198.354926501735,29.4402176423792,140.652099922672,256.057753080798
"male",21.8737373737374,21.8737373737374,"21:52",198.354903132144,29.4402175210092,140.652076790966,256.057729473322
"male",22.1060606060606,22.1060606060606,"22:06",198.354880693216,29.4402173412813,140.652054704305,256.057706682128
"male",22.3383838383838,22.3383838383838,"22:20",198.354858995298,29.4402171890192,140.65203330482,256.057684685776
"male",22.5707070707071,22.5707070707071,"22:34",198.354837848736,29.4402171249137,140.652012283905,256.057663413567
"male",22.8030303030303,22.8030303030303,"22:48",198.354817063876,29.4402171676313,140.651991415319,256.057642712434
"male",23.0353535353535,23.0353535353535,"23:02",198.354796451066,29.4402172892066,140.651970564221,256.057622337911
"male",23.2676767676768,23.2676767676768,"23:16",198.354775820652,29.4402174227211,140.651949672118,256.057601969185
"male",23.5,23.5,"23:30",198.354754982979,29.4402174822657,140.651928717739,256.05758124822
"education",0.5,0.5,"00:30",-22.2027166144756,13.0348993462326,-47.7511193330914,3.34568610414027
"education",0.732323232323232,0.732323232323232,"00:44",-22.2027166526643,13.0348993457216,-47.7511193702787,3.34568606495006
"education",0.964646464646465,0.964646464646465,"00:58",-22.2027166997977,13.0348993446228,-47.7511194152584,3.34568601566297
"education",1.1969696969697,1.1969696969697,"01:12",-22.2027167501987,13.0348993436179,-47.7511194636897,3.34568596329234
"education",1.42929292929293,1.42929292929293,"01:26",-22.2027167981901,13.034899343238,-47.7511195109367,3.34568591455637
"education",1.66161616161616,1.66161616161616,"01:40",-22.2027168380951,13.0348993437055,-47.7511195517579,3.34568587556775
"education",1.89393939393939,1.89393939393939,"01:54",-22.2027168642364,13.0348993448728,-47.7511195801872,3.34568585171435
"education",2.12626262626263,2.12626262626263,"02:08",-22.2027168709371,13.0348993462591,-47.751119589605,3.34568584773085
"education",2.35858585858586,2.35858585858586,"02:22",-22.20271685252,13.0348993471843,-47.7511195730012,3.34568586796124
"education",2.59090909090909,2.59090909090909,"02:35",-22.2027168038812,13.0348993470634,-47.7511195241255,3.34568591636312
"education",2.82323232323232,2.82323232323232,"02:49",-22.2027167249051,13.0348993461328,-47.7511194433253,3.34568599351513
"education",3.05555555555556,3.05555555555556,"03:03",-22.2027166180442,13.0348993450826,-47.7511193344061,3.34568609831766
"education",3.28787878787879,3.28787878787879,"03:17",-22.2027164857726,13.0348993445099,-47.7511192010121,3.34568622946679
"education",3.52020202020202,3.52020202020202,"03:31",-22.2027163305642,13.0348993447332,-47.7511190462413,3.34568638511281
"education",3.75252525252525,3.75252525252525,"03:45",-22.2027161548929,13.0348993457071,-47.7511188724789,3.34568656269309
"education",3.98484848484848,3.98484848484848,"03:59",-22.2027159612326,13.034899347035,-47.7511186814213,3.34568675895602
"education",4.21717171717172,4.21717171717172,"04:13",-22.2027157520573,13.0348993480781,-47.7511184742904,3.34568697017576
"education",4.44949494949495,4.44949494949495,"04:27",-22.2027155299072,13.0348993481815,-47.7511182523429,3.34568719252845
"education",4.68181818181818,4.68181818181818,"04:41",-22.2027152988487,13.0348993473457,-47.7511180196463,3.34568742194885
"education",4.91414141414141,4.91414141414141,"04:55",-22.2027150644743,13.0348993462268,-47.7511177830788,3.34568765413032
"education",5.14646464646465,5.14646464646465,"05:09",-22.2027148324426,13.0348993454647,-47.7511175495533,3.34568788466821
"education",5.37878787878788,5.37878787878788,"05:23",-22.2027146084124,13.0348993454572,-47.7511173255085,3.34568810868363
"education",5.61111111111111,5.61111111111111,"05:37",-22.2027143980427,13.0348993462507,-47.751117116694,3.34568832060871
"education",5.84343434343434,5.84343434343434,"05:51",-22.202714206992,13.0348993475279,-47.7511169281467,3.34568851416268
"education",6.07575757575758,6.07575757575758,"06:05",-22.2027140409192,13.0348993486929,-47.7511167643574,3.34568868251895
"education",6.30808080808081,6.30808080808081,"06:18",-22.2027139054556,13.0348993490566,-47.7511166296066,3.34568881869532
"education",6.54040404040404,6.54040404040404,"06:32",-22.202713802907,13.034899348381,-47.7511165257336,3.34568891991972
"education",6.77272727272727,6.77272727272727,"06:46",-22.2027137291203,13.0348993472437,-47.7511164497179,3.34568899147736
"education",7.00505050505051,7.00505050505051,"07:00",-22.2027136792006,13.0348993463171,-47.7511163979821,3.34568903958094
"education",7.23737373737374,7.23737373737374,"07:14",-22.2027136482529,13.0348993460742,-47.7511163665583,3.34568907005254
"education",7.46969696969697,7.46969696969697,"07:28",-22.2027136313822,13.0348993466547,-47.7511163508254,3.345689088061
"education",7.7020202020202,7.7020202020202,"07:42",-22.2027136236934,13.0348993478285,-47.7511163454372,3.34568909805033
"education",7.93434343434343,7.93434343434343,"07:56",-22.2027136202917,13.0348993490565,-47.7511163444425,3.3456891038591
"education",8.16666666666667,8.16666666666667,"08:10",-22.2027136162819,13.0348993496493,-47.7511163415945,3.34568910903067
"education",8.3989898989899,8.3989898989899,"08:24",-22.2027136078379,13.0348993491675,-47.7511163322061,3.34568911653038
"education",8.63131313131313,8.63131313131313,"08:38",-22.2027135954084,13.0348993480504,-47.7511163175872,3.34568912677044
"education",8.86363636363636,8.86363636363636,"08:52",-22.202713580511,13.0348993469878,-47.7511163006071,3.34568913958502
"education",9.0959595959596,9.0959595959596,"09:06",-22.2027135646634,13.0348993465186,-47.7511162838399,3.34568915451312
"education",9.32828282828283,9.32828282828283,"09:20",-22.2027135493831,13.0348993468731,-47.7511162692544,3.34568917048826
"education",9.56060606060606,9.56060606060606,"09:34",-22.2027135361876,13.0348993479116,-47.7511162580944,3.34568918571915
"education",9.79292929292929,9.79292929292929,"09:48",-22.2027135265947,13.0348993491612,-47.7511162509506,3.34568919776126
"education",10.0252525252525,10.0252525252525,"10:02",-22.2027135221218,13.0348993499496,-47.7511162480229,3.34568920377942
"education",10.2575757575758,10.2575757575758,"10:15",-22.2027135240738,13.0348993496992,-47.7511162494841,3.34568920133658
"education",10.489898989899,10.489898989899,"10:29",-22.2027135319041,13.0348993486476,-47.7511162552533,3.34568919144511
"education",10.7222222222222,10.7222222222222,"10:43",-22.2027135441128,13.0348993474836,-47.7511162651807,3.34568917695505
"education",10.9545454545455,10.9545454545455,"10:57",-22.2027135591922,13.0348993468027,-47.7511162789256,3.34568916054116
"education",11.1868686868687,11.1868686868687,"11:11",-22.2027135756344,13.0348993469219,-47.7511162956013,3.3456891443324
"education",11.4191919191919,11.4191919191919,"11:25",-22.2027135919317,13.0348993477942,-47.7511163136083,3.34568912974484
"education",11.6515151515152,11.6515151515152,"11:39",-22.2027136065763,13.0348993490213,-47.7511163306581,3.34568911750555
"education",11.8838383838384,11.8838383838384,"11:53",-22.2027136180604,13.0348993499631,-47.7511163439881,3.34568910786738
"education",12.1161616161616,12.1161616161616,"12:07",-22.2027136249259,13.0348993499631,-47.7511163508536,3.34568910100182
"education",12.3484848484848,12.3484848484848,"12:21",-22.2027136268594,13.0348993490213,-47.7511163509412,3.34568909722244
"education",12.5808080808081,12.5808080808081,"12:35",-22.2027136246917,13.0348993477942,-47.7511163463683,3.3456890969848
"education",12.8131313131313,12.8131313131313,"12:49",-22.2027136193037,13.0348993469218,-47.7511163392705,3.34568910066314
"education",13.0454545454545,13.0454545454545,"13:03",-22.2027136115759,13.0348993468027,-47.7511163313092,3.34568910815748
"education",13.2777777777778,13.2777777777778,"13:17",-22.202713602389,13.0348993474836,-47.7511163234569,3.34568911867883
"education",13.510101010101,13.510101010101,"13:31",-22.2027135926238,13.0348993486475,-47.751116315973,3.34568913072532
"education",13.7424242424242,13.7424242424242,"13:45",-22.202713583161,13.0348993496991,-47.7511163085713,3.34568914224925
"education",13.9747474747475,13.9747474747475,"13:58",-22.2027135748821,13.0348993499496,-47.7511163007832,3.34568915101903
"education",14.2070707070707,14.2070707070707,"14:12",-22.2027135687635,13.0348993491612,-47.7511162931194,3.3456891555924
"education",14.4393939393939,14.4393939393939,"14:26",-22.2027135659661,13.0348993479116,-47.7511162878729,3.34568915594059
"education",14.6717171717172,14.6717171717172,"14:40",-22.2027135676723,13.0348993468731,-47.7511162875436,3.34568915219902
"education",14.9040404040404,14.9040404040404,"14:54",-22.202713575064,13.0348993465186,-47.7511162942405,3.34568914411245
"education",15.1363636363636,15.1363636363636,"15:08",-22.2027135893236,13.0348993469878,-47.7511163094196,3.34568913077245
"education",15.3686868686869,15.3686868686869,"15:22",-22.202713611633,13.0348993480504,-47.7511163338118,3.34568911054575
"education",15.6010101010101,15.6010101010101,"15:36",-22.2027136431746,13.0348993491675,-47.7511163675429,3.3456890811936
"education",15.8333333333333,15.8333333333333,"15:50",-22.2027136851305,13.0348993496493,-47.7511164104431,3.34568904018207
"education",16.0656565656566,16.0656565656566,"16:04",-22.2027137384436,13.0348993490565,-47.7511164625944,3.34568898570717
"education",16.2979797979798,16.2979797979798,"16:18",-22.2027138031002,13.0348993478285,-47.751116524844,3.34568891864356
"education",16.530303030303,16.530303030303,"16:32",-22.2027138788474,13.0348993466547,-47.7511165982906,3.34568884059584
"education",16.7626262626263,16.7626262626263,"16:46",-22.202713965432,13.0348993460742,-47.7511166837375,3.34568875287342
"education",16.9949494949495,16.9949494949495,"17:00",-22.2027140626013,13.0348993463171,-47.7511167813829,3.34568865618024
"education",17.2272727272727,17.2272727272727,"17:14",-22.2027141701023,13.0348993472437,-47.7511168906999,3.3456885504954
"education",17.459595959596,17.459595959596,"17:28",-22.2027142876819,13.034899348381,-47.7511170105086,3.34568843514482
"education",17.6919191919192,17.6919191919192,"17:42",-22.2027144150873,13.0348993490566,-47.7511171392382,3.34568830906373
"education",17.9242424242424,17.9242424242424,"17:55",-22.2027145519363,13.034899348693,-47.7511172753745,3.34568817150187
"education",18.1565656565657,18.1565656565657,"18:09",-22.2027146967239,13.0348993475279,-47.7511174178786,3.34568802443077
"education",18.3888888888889,18.3888888888889,"18:23",-22.2027148473665,13.0348993462507,-47.7511175660179,3.34568787128487
"education",18.6212121212121,18.6212121212121,"18:37",-22.2027150017758,13.0348993454572,-47.7511177188719,3.34568771532027
"education",18.8535353535354,18.8535353535354,"18:51",-22.2027151578635,13.0348993454647,-47.7511178749743,3.34568755924728
"education",19.0858585858586,19.0858585858586,"19:05",-22.2027153135413,13.0348993462268,-47.7511180321459,3.34568740506329
"education",19.3181818181818,19.3181818181818,"19:19",-22.2027154667209,13.0348993473457,-47.7511181875184,3.34568725407673
"education",19.5505050505051,19.5505050505051,"19:33",-22.2027156153139,13.0348993481815,-47.7511183377496,3.34568710712177
"education",19.7828282828283,19.7828282828283,"19:47",-22.2027157572527,13.0348993480781,-47.7511184794858,3.34568696498037
"education",20.0151515151515,20.0151515151515,"20:01",-22.2027158909423,13.034899347035,-47.7511186111309,3.34568682924635
"education",20.2474747474747,20.2474747474747,"20:15",-22.2027160152606,13.0348993457071,-47.7511187328466,3.34568670232538
"education",20.479797979798,20.479797979798,"20:29",-22.2027161291061,13.0348993447332,-47.7511188447831,3.34568658657091
"education",20.7121212121212,20.7121212121212,"20:43",-22.2027162313773,13.0348993445099,-47.7511189466167,3.34568648386216
"education",20.9444444444444,20.9444444444444,"20:57",-22.2027163209725,13.0348993450826,-47.7511190373344,3.34568639538936
"education",21.1767676767677,21.1767676767677,"21:11",-22.2027163967904,13.0348993461327,-47.7511191152105,3.34568632162983
"education",21.4090909090909,21.4090909090909,"21:25",-22.2027164577292,13.0348993470634,-47.7511191779735,3.34568626251512
"education",21.6414141414141,21.6414141414141,"21:38",-22.2027165027004,13.0348993471843,-47.7511192231815,3.34568621778085
"education",21.8737373737374,21.8737373737374,"21:52",-22.2027165321625,13.0348993462591,-47.7511192508304,3.34568618650538
"education",22.1060606060606,22.1060606060606,"22:06",-22.2027165495799,13.0348993448728,-47.7511192655306,3.34568616637085
"education",22.3383838383838,22.3383838383838,"22:20",-22.202716558762,13.0348993437055,-47.7511192724248,3.34568615490083
"education",22.5707070707071,22.5707070707071,"22:34",-22.2027165635183,13.034899343238,-47.7511192762648,3.34568614922822
"education",22.8030303030303,22.8030303030303,"22:48",-22.2027165676583,13.0348993436179,-47.7511192811493,3.34568614583271
"education",23.0353535353535,23.0353535353535,"23:02",-22.2027165749915,13.0348993446228,-47.7511192904522,3.34568614046914
"education",23.2676767676768,23.2676767676768,"23:16",-22.2027165893275,13.0348993457216,-47.7511193069418,3.34568612828693
"education",23.5,23.5,"23:30",-22.2027166144756,13.0348993462326,-47.7511193330914,3.34568610414027
"dm_duration",0.5,0.5,"00:30",8.77070133745397,3.92598058323101,1.07577939432119,16.4656232805868
"dm_duration",0.732323232323232,0.732323232323232,"00:44",8.73761577069748,3.92593655599908,1.04278012093928,16.4324514204557
"dm_duration",0.964646464646465,0.964646464646465,"00:58",8.70317804095454,3.92584680661456,1.00851829998999,16.3978377819191
"dm_duration",1.1969696969697,1.1969696969697,"01:12",8.66841470071571,3.92577808353549,0.973889656986157,16.3629397444453
"dm_duration",1.42929292929293,1.42929292929293,"01:26",8.63435230247159,3.92578154713662,0.93982047008381,16.3288841348594
"dm_duration",1.66161616161616,1.66161616161616,"01:40",8.60201739871274,3.92587638701635,0.907299680160693,16.2967351172648
"dm_duration",1.89393939393939,1.89393939393939,"01:54",8.57243654192975,3.92604367332805,0.877390942206783,16.2674821416527
"dm_duration",2.12626262626263,2.12626262626263,"02:08",8.54663628461319,3.92623044863243,0.851224605293623,16.2420479639328
"dm_duration",2.35858585858586,2.35858585858586,"02:22",8.52564317925365,3.92636405232886,0.829969636689087,16.2213167218182
"dm_duration",2.59090909090909,2.59090909090909,"02:35",8.51037632852173,3.926383048683,0.814665553103047,16.2060871039404
"dm_duration",2.82323232323232,2.82323232323232,"02:49",8.50081962369207,3.92631155875368,0.805248968534857,16.1963902788493
"dm_duration",3.05555555555556,3.05555555555556,"03:03",8.49647542166097,3.92622128135888,0.801081710197574,16.1918691331244
"dm_duration",3.28787878787879,3.28787878787879,"03:17",8.49684209970175,3.92617473954695,0.801539610189728,16.1921445892138
"dm_duration",3.52020202020202,3.52020202020202,"03:31",8.50141803508774,3.92620566709892,0.806054927573866,16.1967811426016
"dm_duration",3.75252525252525,3.75252525252525,"03:45",8.50970160509227,3.92630996692306,0.81413406992307,16.2052691402615
"dm_duration",3.98484848484848,3.98484848484848,"03:59",8.52119118698865,3.92644700949577,0.825355048376938,16.2170273256004
"dm_duration",4.21717171717172,4.21717171717172,"04:13",8.53538515805023,3.92655126936825,0.839344670088466,16.231425646012
"dm_duration",4.44949494949495,4.44949494949495,"04:27",8.55178816753949,3.92655613418837,0.855738144530283,16.2478381905487
"dm_duration",4.68181818181818,4.68181818181818,"04:41",8.57004912046975,3.92646203140983,0.874183538906489,16.265914702033
"dm_duration",4.91414141414141,4.91414141414141,"04:55",8.58996117760518,3.92633644932329,0.894341736931536,16.2855806182788
"dm_duration",5.14646464646465,5.14646464646465,"05:09",8.61132377169911,3.92624581465604,0.915881974973271,16.3067655684249
"dm_duration",5.37878787878788,5.37878787878788,"05:23",8.63393633550485,3.92623167419316,0.938522254086259,16.3293504169234
"dm_duration",5.61111111111111,5.61111111111111,"05:37",8.65759830177573,3.92629905528776,0.962052153411726,16.3531444501397
"dm_duration",5.84343434343434,5.84343434343434,"05:51",8.68210910326509,3.9264151712058,0.986335367701717,16.3778828388285
"dm_duration",6.07575757575758,6.07575757575758,"06:05",8.70726817272623,3.92651847327423,1.01129196510874,16.4032443803437
"dm_duration",6.30808080808081,6.30808080808081,"06:18",8.73287531610114,3.92653827351296,1.03686030001573,16.4288903321865
"dm_duration",6.54040404040404,6.54040404040404,"06:32",8.75877549515786,3.9264505288917,1.06293245853012,16.4546185317856
"dm_duration",6.77272727272727,6.77272727272727,"06:46",8.78490137099611,3.92631456280256,1.08932482790309,16.4804779140891
"dm_duration",7.00505050505051,7.00505050505051,"07:00",8.81119568080901,3.92620005001255,1.11584358278442,16.5065477788336
"dm_duration",7.23737373737374,7.23737373737374,"07:14",8.83760116178969,3.92615627647116,1.14233485990622,16.5328674636732
"dm_duration",7.46969696969697,7.46969696969697,"07:28",8.86406055113128,3.92619791534565,1.16871263705379,16.5594084652088
"dm_duration",7.7020202020202,7.7020202020202,"07:42",8.8905165860269,3.92630114760864,1.19496633671397,16.5860668353398
"dm_duration",7.93434343434343,7.93434343434343,"07:56",8.91691200366969,3.92641013290524,1.22114814317543,16.612675864164
"dm_duration",8.16666666666667,8.16666666666667,"08:10",8.94318954125277,3.92645382228855,1.24734004956721,16.6390390329383
"dm_duration",8.3989898989899,8.3989898989899,"08:24",8.96927962184988,3.92638744986494,1.27356022011459,16.6649990235852
"dm_duration",8.63131313131313,8.63131313131313,"08:38",8.9950634120572,3.92625599463658,1.29960166256949,16.6905251615449
"dm_duration",8.86363636363636,8.86363636363636,"08:52",9.0204097643515,3.92613071216457,1.32519356850896,16.7156259601941
"dm_duration",9.0959595959596,9.0959595959596,"09:06",9.04518753120958,3.92606764155776,1.35009495375638,16.7402801086628
"dm_duration",9.32828282828283,9.32828282828283,"09:20",9.06926556510822,3.92609079312268,1.37412761058777,16.7644035196287
"dm_duration",9.56060606060606,9.56060606060606,"09:34",9.0925127185242,3.9261856796904,1.39718878633102,16.7878366507174
"dm_duration",9.79292929292929,9.79292929292929,"09:48",9.1147978439343,3.92630320050585,1.41924357094283,16.8103521169258
"dm_duration",10.0252525252525,10.0252525252525,"10:02",9.13598979381531,3.9263738723665,1.44029700397698,16.8316825836536
"dm_duration",10.2575757575758,10.2575757575758,"10:15",9.15599901483854,3.92633858267606,1.46037539279347,16.8516226368836
"dm_duration",10.489898989899,10.489898989899,"10:29",9.17509797722009,3.92622162882266,1.47970358472767,16.8704923697125
"dm_duration",10.7222222222222,10.7222222222222,"10:43",9.19374555478855,3.92609396246816,1.49860138835095,16.8888897212261
"dm_duration",10.9545454545455,10.9545454545455,"10:57",9.21240216189821,3.92601737342143,1.51740810999221,16.9073962138042
"dm_duration",11.1868686868687,11.1868686868687,"11:11",9.23152821290337,3.92602485535314,1.53651949641121,16.9265369293955
"dm_duration",11.4191919191919,11.4191919191919,"11:25",9.25158412215833,3.92611154784611,1.55640548837996,16.9467627559367
"dm_duration",11.6515151515152,11.6515151515152,"11:39",9.27303030401736,3.92623603133536,1.57760768260007,16.9684529254347
"dm_duration",11.8838383838384,11.8838383838384,"11:53",9.29632717283478,3.92633197312157,1.60071650551651,16.9919378401531
"dm_duration",12.1161616161616,12.1161616161616,"12:07",9.32190928256733,3.92633197312157,1.62629861524906,17.0175199498856
"dm_duration",12.3484848484848,12.3484848484848,"12:21",9.34961639802794,3.92623603133535,1.65419377661064,17.0450390194452
"dm_duration",12.5808080808081,12.5808080808081,"12:35",9.37869349488575,3.9261115478461,1.68351486110739,17.0738721286641
"dm_duration",12.8131313131313,12.8131313131313,"12:49",9.40835968841236,3.92602485535314,1.71335097192021,17.1033684049045
"dm_duration",13.0454545454545,13.0454545454545,"13:03",9.43783409387935,3.92601737342142,1.74284004197335,17.1328281457853
"dm_duration",13.2777777777778,13.2777777777778,"13:17",9.46633582655831,3.92609396246816,1.77119166012072,17.1614799929959
"dm_duration",13.510101010101,13.510101010101,"13:31",9.49308400172082,3.92622162882265,1.79768960922842,17.1884783942132
"dm_duration",13.7424242424242,13.7424242424242,"13:45",9.51729773463849,3.92633858267605,1.82167411259343,17.2129213566835
"dm_duration",13.9747474747475,13.9747474747475,"13:58",9.53819825321895,3.92637387236649,1.84250546338064,17.2338910430573
"dm_duration",14.2070707070707,14.2070707070707,"14:12",9.55526241433468,3.92630320050585,1.85970814134322,17.2508166873261
"dm_duration",14.4393939393939,14.4393939393939,"14:26",9.56846354433518,3.92618567969039,1.87313961214202,17.2637874765283
"dm_duration",14.6717171717172,14.6717171717172,"14:40",9.57783201074395,3.92609079312267,1.88269405622352,17.2729699652644
"dm_duration",14.9040404040404,14.9040404040404,"14:54",9.58339818108448,3.92606764155775,1.88830560363129,17.2784907585377
"dm_duration",15.1363636363636,15.1363636363636,"15:08",9.58519242288025,3.92613071216456,1.88997622703771,17.2804086187228
"dm_duration",15.3686868686869,15.3686868686869,"15:22",9.58324510365474,3.92625599463658,1.88778335416704,17.2787068531424
"dm_duration",15.6010101010101,15.6010101010101,"15:36",9.57758659093145,3.92638744986494,1.88186718919617,17.2733059926667
"dm_duration",15.8333333333333,15.8333333333333,"15:50",9.56824725223386,3.92645382228855,1.87239776054831,17.2640967439194
"dm_duration",16.0656565656566,16.0656565656566,"16:04",9.55535623449794,3.92641013290524,1.85959237400368,17.2511200949922
"dm_duration",16.2979797979798,16.2979797979798,"16:18",9.53943780230962,3.92630114760864,1.84388755299668,17.2349880516225
"dm_duration",16.530303030303,16.530303030303,"16:32",9.52111499966728,3.92619791534566,1.82576708558979,17.2164629137448
"dm_duration",16.7626262626263,16.7626262626263,"16:46",9.50101087056933,3.92615627647116,1.80574456868587,17.1962771724528
"dm_duration",16.9949494949495,16.9949494949495,"17:00",9.47974845901419,3.92620005001255,1.7843963609896,17.1751005570388
"dm_duration",17.2272727272727,17.2272727272727,"17:14",9.45795080900024,3.92631456280257,1.76237426590722,17.1535273520933
"dm_duration",17.459595959596,17.459595959596,"17:28",9.4362409645259,3.92645052889171,1.74039792789815,17.1320840011537
"dm_duration",17.6919191919192,17.6919191919192,"17:42",9.41524196958956,3.92653827351297,1.71922695350414,17.111256985675
"dm_duration",17.9242424242424,17.9242424242424,"17:55",9.39549757340659,3.92651847327423,1.6995213657891,17.0914737810241
"dm_duration",18.1565656565657,18.1565656565657,"18:09",9.37686136689561,3.9264151712058,1.68108763133224,17.072635102459
"dm_duration",18.3888888888889,18.3888888888889,"18:23",9.35883158287351,3.92629905528776,1.6632854345095,17.0543777312375
"dm_duration",18.6212121212121,18.6212121212121,"18:37",9.34090351731335,3.92623167419316,1.64548943589475,17.0363175987319
"dm_duration",18.8535353535354,18.8535353535354,"18:51",9.32257246618819,3.92624581465604,1.62713066946236,17.018014262914
"dm_duration",19.0858585858586,19.0858585858586,"19:05",9.30333372547112,3.92633644932329,1.60771428479747,16.9989531661448
"dm_duration",19.3181818181818,19.3181818181818,"19:19",9.28268259113518,3.92646203140983,1.58681700957192,16.9785481726984
"dm_duration",19.5505050505051,19.5505050505051,"19:33",9.26011435915346,3.92655613418837,1.56406433614426,16.9561643821627
"dm_duration",19.7828282828283,19.7828282828283,"19:47",9.23514580023861,3.92655126936824,1.53910531227685,16.9311862882004
"dm_duration",20.0151515151515,20.0151515151515,"20:01",9.20778760411402,3.92644700949577,1.51195146550231,16.9036237427257
"dm_duration",20.2474747474747,20.2474747474747,"20:15",9.17854437951381,3.92630996692306,1.48297684434462,16.874111914683
"dm_duration",20.479797979798,20.479797979798,"20:29",9.1479422099117,3.92620566709891,1.45257910239783,16.8433053174256
"dm_duration",20.7121212121212,20.7121212121212,"20:43",9.11650717878139,3.92617473954695,1.42120468926937,16.8118096682934
"dm_duration",20.9444444444444,20.9444444444444,"20:57",9.0847653695966,3.92622128135887,1.38937165813321,16.78015908106
"dm_duration",21.1767676767677,21.1767676767677,"21:11",9.05324286583105,3.92631155875368,1.35767221067384,16.7488135209883
"dm_duration",21.4090909090909,21.4090909090909,"21:25",9.02246575095844,3.926383048683,1.32675497553977,16.7181765263771
"dm_duration",21.6414141414141,21.6414141414141,"21:38",8.99295746169142,3.92636405232885,1.29728391912686,16.688631004256
"dm_duration",21.8737373737374,21.8737373737374,"21:52",8.9649211766517,3.92623044863243,1.26950949733214,16.6603328559713
"dm_duration",22.1060606060606,22.1060606060606,"22:06",8.93793808560681,3.92604367332804,1.24289248588385,16.6329836853298
"dm_duration",22.3383838383838,22.3383838383838,"22:20",8.91151791577506,3.92587638701635,1.21680019722302,16.6062356343271
"dm_duration",22.5707070707071,22.5707070707071,"22:34",8.88517039437474,3.92578154713662,1.19063856198697,16.5797022267625
"dm_duration",22.8030303030303,22.8030303030303,"22:48",8.85840524862417,3.92577808353548,1.16388020489462,16.5529302923537
"dm_duration",23.0353535353535,23.0353535353535,"23:02",8.83073220574165,3.92584680661456,1.1360724647771,16.5253919467062
"dm_duration",23.2676767676768,23.2676767676768,"23:16",8.80166099294548,3.92593655599908,1.10682534318727,16.4964966427037
"dm_duration",23.5,23.5,"23:30",8.77070133745397,3.92598058323101,1.07577939432119,16.4656232805868
"egfr",0.5,0.5,"00:30",-1.10791032201592e-08,2.15522224894714e-05,-4.2253435182584e-05,4.22312769761437e-05
"egfr",0.732323232323232,0.732323232323232,"00:44",-1.13864042895825e-08,2.15218545653455e-05,-4.21942213523667e-05,4.21714485437875e-05
"egfr",0.964646464646465,0.964646464646465,"00:58",-1.1736978336609e-08,2.14555073561501e-05,-4.20645313963908e-05,4.20410574397176e-05
"egfr",1.1969696969697,1.1969696969697,"01:12",-1.20977986318125e-08,2.13922480400931e-05,-4.19409039572143e-05,4.19167083599507e-05
"egfr",1.42929292929293,1.42929292929293,"01:26",-1.24358384457671e-08,2.13629388187733e-05,-4.18837959232415e-05,4.185892424635e-05
"egfr",1.66161616161616,1.66161616161616,"01:40",-1.27180710490468e-08,2.13808684502346e-05,-4.19192202335088e-05,4.18937840914107e-05
"egfr",1.89393939393939,1.89393939393939,"01:54",-1.29114697122255e-08,2.14379672242428e-05,-4.2031327229228e-05,4.20055042898036e-05
"egfr",2.12626262626263,2.12626262626263,"02:08",-1.29830077058773e-08,2.15070922991471e-05,-4.21668839140341e-05,4.21409178986223e-05
"egfr",2.35858585858586,2.35858585858586,"02:22",-1.28996583005762e-08,2.15500742258861e-05,-4.22510451410372e-05,4.22252458244361e-05
"egfr",2.59090909090909,2.59090909090909,"02:35",-1.26319536778086e-08,2.15343420272776e-05,-4.22199423271419e-05,4.21946784197863e-05
"egfr",2.82323232323232,2.82323232323232,"02:49",-1.21814017251501e-08,2.14732839919009e-05,-4.20998180258508e-05,4.20754552224005e-05
"egfr",3.05555555555556,3.05555555555556,"03:03",-1.15654595235245e-08,2.14058392716092e-05,-4.19670104318775e-05,4.19438795128305e-05
"egfr",3.28787878787879,3.28787878787879,"03:17",-1.08017159653708e-08,2.13659998035183e-05,-4.18881613308613e-05,4.18665578989306e-05
"egfr",3.52020202020202,3.52020202020202,"03:31",-9.90775994312819e-09,2.13720340045792e-05,-4.18990944089184e-05,4.18792788890321e-05
"egfr",3.75252525252525,3.75252525252525,"03:45",-8.90118034923564e-09,2.14212358460724e-05,-4.19945234386511e-05,4.19767210779527e-05
"egfr",3.98484848484848,3.98484848484848,"03:59",-7.79956607613221e-09,2.14906890781355e-05,-4.21295501592216e-05,4.21139510270694e-05
"egfr",4.21717171717172,4.21717171717172,"04:13",-6.62050601625696e-09,2.15439406558265e-05,-4.22327441914361e-05,4.22195031794036e-05
"egfr",4.44949494949495,4.44949494949495,"04:27",-5.38187414056717e-09,2.1543940664746e-05,-4.22315055770428e-05,4.22207418287616e-05
"egfr",4.68181818181818,4.68181818181818,"04:41",-4.10810122593932e-09,2.14906891050906e-05,-4.21258587472035e-05,4.21176425447516e-05
"egfr",4.91414141414141,4.91414141414141,"04:55",-2.83017485516909e-09,2.14212358915805e-05,-4.19884525223529e-05,4.19827921726425e-05
"egfr",5.14646464646465,5.14646464646465,"05:09",-1.57936768957039e-09,2.13720340693514e-05,-4.18907661436184e-05,4.18876074082392e-05
"egfr",5.37878787878788,5.37878787878788,"05:23",-3.86952390457118e-10,2.136599988836e-05,-4.1877746733576e-05,4.18769728287951e-05
"egfr",5.61111111111111,5.61111111111111,"05:37",7.1579838085681e-10,2.14058393773899e-05,-4.19547293813033e-05,4.1956160978065e-05
"egfr",5.84343434343434,5.84343434343434,"05:51",1.69761196305749e-09,2.14732841196088e-05,-4.20859392624701e-05,4.20893344863963e-05
"egfr",6.07575757575758,6.07575757575758,"06:05",2.52721569483102e-09,2.15343421781332e-05,-4.22047834534463e-05,4.2209837884836e-05
"egfr",6.30808080808081,6.30808080808081,"06:18",3.17350556180343e-09,2.15500744014503e-05,-4.22349723212808e-05,4.22413193324044e-05
"egfr",6.54040404040404,6.54040404040404,"06:32",3.62578382933437e-09,2.15070925008055e-05,-4.21502755177494e-05,4.21575270854081e-05
"egfr",6.77272727272727,6.77272727272727,"06:46",3.91298479367106e-09,2.14379674519233e-05,-4.2014503220976e-05,4.20223291905634e-05
"egfr",7.00505050505051,7.00505050505051,"07:00",4.06859621843928e-09,2.13808687019242e-05,-4.19024340595531e-05,4.191057125199e-05
"egfr",7.23737373737374,7.23737373737374,"07:14",4.12610586726482e-09,2.13629390903345e-05,-4.18672345111884e-05,4.18754867229229e-05
"egfr",7.46969696969697,7.46969696969697,"07:28",4.11900150377346e-09,2.1392248325364e-05,-4.19246877162097e-05,4.19329257192173e-05
"egfr",7.7020202020202,7.7020202020202,"07:42",4.080770891591e-09,2.14555076473029e-05,-4.20487142178221e-05,4.20568757596052e-05
"egfr",7.93434343434343,7.93434343434343,"07:56",4.04490179434322e-09,2.15218548533563e-05,-4.21787906107839e-05,4.21868804143726e-05
"egfr",8.16666666666667,8.16666666666667,"08:10",4.04488197565592e-09,2.15522227645218e-05,-4.22383117364871e-05,4.22464015004384e-05
"egfr",8.3989898989899,8.3989898989899,"08:24",4.10650051485361e-09,2.1521854817231e-05,-4.21787289412579e-05,4.21869419422876e-05
"egfr",8.63131313131313,8.63131313131313,"08:38",4.22475175405578e-09,2.14555075752147e-05,-4.20485700956667e-05,4.20570195991748e-05
"egfr",8.86363636363636,8.86363636363636,"08:52",4.38693135108065e-09,2.13922482178753e-05,-4.19244195756845e-05,4.19331934383867e-05
"egfr",9.0959595959596,9.0959595959596,"09:06",4.58033496374643e-09,2.13629389486111e-05,-4.18667800043141e-05,4.18759406742416e-05
"egfr",9.32828282828283,9.32828282828283,"09:20",4.79225824987135e-09,2.13808685277773e-05,-4.19017100561936e-05,4.19112945726934e-05
"egfr",9.56060606060606,9.56060606060606,"09:34",5.00999686727361e-09,2.14379672476544e-05,-4.20134058085353e-05,4.20234258022699e-05
"egfr",9.79292929292929,9.79292929292929,"09:48",5.22084647377145e-09,2.15070922689156e-05,-4.21486800006007e-05,4.21591216935482e-05
"egfr",10.0252525252525,10.0252525252525,"10:02",5.41210272718308e-09,2.15500741443415e-05,-4.22327332201821e-05,4.22435574256365e-05
"egfr",10.2575757575758,10.2575757575758,"10:15",5.57269506321277e-09,2.15343418980029e-05,-4.22017374250226e-05,4.2212882815149e-05
"egfr",10.489898989899,10.489898989899,"10:29",5.70577283620254e-09,2.14732838189826e-05,-4.20819305123697e-05,4.20933420580421e-05
"egfr",10.7222222222222,10.7222222222222,"10:43",5.82180714583561e-09,2.140583905957e-05,-4.19496227496114e-05,4.19612663639031e-05
"egfr",10.9545454545455,10.9545454545455,"10:57",5.93132960208724e-09,2.1365999557463e-05,-4.18714278030254e-05,4.18832904622296e-05
"egfr",11.1868686868687,11.1868686868687,"11:11",6.04487181493271e-09,2.13720337300878e-05,-4.18831412391571e-05,4.1895230982787e-05
"egfr",11.4191919191919,11.4191919191919,"11:25",6.17296539434729e-09,2.14212355488509e-05,-4.19794487103534e-05,4.19917946411421e-05
"egfr",11.6515151515152,11.6515151515152,"11:39",6.32614195030625e-09,2.1490688763555e-05,-4.21154238346175e-05,4.21280761185182e-05
"egfr",11.8838383838384,11.8838383838384,"11:53",6.51493309278487e-09,2.15439403285351e-05,-4.2219608110836e-05,4.22326379770216e-05
"egfr",12.1161616161616,12.1161616161616,"12:07",6.74940607045008e-09,2.15439403285351e-05,-4.22193736378583e-05,4.22328724499992e-05
"egfr",12.3484848484848,12.3484848484848,"12:21",7.02894782187728e-09,2.1490688763555e-05,-4.21147210287459e-05,4.21287789243897e-05
"egfr",12.5808080808081,12.5808080808081,"12:35",7.34226497555027e-09,2.14212355488509e-05,-4.19782794107722e-05,4.19929639407233e-05
"egfr",12.8131313131313,12.8131313131313,"12:49",7.67759979864455e-09,2.13720337300877e-05,-4.18815085111733e-05,4.18968637107706e-05
"egfr",13.0454545454545,13.0454545454545,"13:03",8.02319455833560e-09,2.1365999557463e-05,-4.18693359380691e-05,4.18853823271858e-05
"egfr",13.2777777777778,13.2777777777778,"13:17",8.36729152179891e-09,2.140583905957e-05,-4.19470772652353e-05,4.19638118482789e-05
"egfr",13.510101010101,13.510101010101,"13:31",8.69813295620996e-09,2.14732838189825e-05,-4.20789381522496e-05,4.2096334418162e-05
"egfr",13.7424242424242,13.7424242424242,"13:45",9.00396112874425e-09,2.15343418980029e-05,-4.21983061589569e-05,4.22163140812144e-05
"egfr",13.9747474747475,13.9747474747475,"13:58",9.27303767346053e-09,2.15500741443414e-05,-4.22288722852357e-05,4.22474183605826e-05
"egfr",14.2070707070707,14.2070707070707,"14:12",9.49596761729331e-09,2.15070922689155e-05,-4.2144404879457e-05,4.21633968146916e-05
"egfr",14.4393939393939,14.4393939393939,"14:26",9.66790720474565e-09,2.14379672476543e-05,-4.20087478981977e-05,4.20280837126072e-05
"egfr",14.6717171717172,14.6717171717172,"14:40",9.78453558616894e-09,2.13808685277772e-05,-4.18967177788571e-05,4.19162868500295e-05
"egfr",14.9040404040404,14.9040404040404,"14:54",9.84153191191458e-09,2.13629389486111e-05,-4.18615188073658e-05,4.18812018711896e-05
"egfr",15.1363636363636,15.1363636363636,"15:08",9.83457533233393e-09,2.13922482178752e-05,-4.19189719317031e-05,4.19386410823678e-05
"egfr",15.3686868686869,15.3686868686869,"15:22",9.75934499777838e-09,2.14555075752146e-05,-4.20430355024228e-05,4.20625541924184e-05
"egfr",15.6010101010101,15.6010101010101,"15:36",9.61152005859933e-09,2.15218548172309e-05,-4.21732239217141e-05,4.21924469618313e-05
"egfr",15.8333333333333,15.8333333333333,"15:50",9.38677966514814e-09,2.15522227645217e-05,-4.22329698387975e-05,4.22517433981278e-05
"egfr",16.0656565656566,16.0656565656566,"16:04",9.08199928107312e-09,2.15218548533562e-05,-4.21737535132971e-05,4.21919175118592e-05
"egfr",16.2979797979798,16.2979797979798,"16:18",8.69883962321024e-09,2.14555076473028e-05,-4.20440961490903e-05,4.20614938283367e-05
"egfr",16.530303030303,16.530303030303,"16:32",8.24015772169235e-09,2.1392248325364e-05,-4.19205665599917e-05,4.19370468754351e-05
"egfr",16.7626262626263,16.7626262626263,"16:46",7.70881060665233e-09,2.13629390903344e-05,-4.18636518064489e-05,4.18790694276622e-05
"egfr",16.9949494949495,16.9949494949495,"17:00",7.10765530822306e-09,2.13808687019242e-05,-4.18993950004632e-05,4.19136103110796e-05
"egfr",17.2272727272727,17.2272727272727,"17:14",6.4395488565374e-09,2.14379674519233e-05,-4.20119766569131e-05,4.20248557546262e-05
"egfr",17.459595959596,17.459595959596,"17:28",5.70734828172822e-09,2.15070925008054e-05,-4.21481939532969e-05,4.21596086498604e-05
"egfr",17.6919191919192,17.6919191919192,"17:42",4.91391061392839e-09,2.15500744014503e-05,-4.22332319162286e-05,4.22430597374565e-05
"egfr",17.9242424242424,17.9242424242424,"17:55",4.06261396283936e-09,2.15343421781332e-05,-4.22032480551782e-05,4.22113732831039e-05
"egfr",18.1565656565657,18.1565656565657,"18:09",3.16137176033349e-09,2.14732841196087e-05,-4.20844755026728e-05,4.20907982461935e-05
"egfr",18.3888888888889,18.3888888888889,"18:23",2.22043264672009e-09,2.14058393773898e-05,-4.19532247470374e-05,4.19576656123308e-05
"egfr",18.6212121212121,18.6212121212121,"18:37",1.25006456155172e-09,2.136599988836e-05,-4.1876109716624e-05,4.18786098457471e-05
"egfr",18.8535353535354,18.8535353535354,"18:51",2.6053544438098e-10,2.13720340693514e-05,-4.18889262404844e-05,4.18894473113732e-05
"egfr",19.0858585858586,19.0858585858586,"19:05",-7.37886765239561e-10,2.14212358915805e-05,-4.19863602342629e-05,4.19848844607325e-05
"egfr",19.3181818181818,19.3181818181818,"19:19",-1.73493412775732e-09,2.14906891050906e-05,-4.21234855801053e-05,4.21200157118498e-05
"egfr",19.5505050505051,19.5505050505051,"19:33",-2.72033870361973e-09,2.1543940664746e-05,-4.22288440416059e-05,4.22234033641986e-05
"egfr",19.7828282828283,19.7828282828283,"19:47",-3.68384159442737e-09,2.15439406558265e-05,-4.22298075270144e-05,4.22224398438255e-05
"egfr",20.0151515151515,20.0151515151515,"20:01",-4.61539184830407e-09,2.14906890781355e-05,-4.21263659849939e-05,4.21171352012973e-05
"egfr",20.2474747474747,20.2474747474747,"20:15",-5.50514645989691e-09,2.14212358460725e-05,-4.19911274047619e-05,4.19801171118421e-05
"egfr",20.479797979798,20.479797979798,"20:29",-6.34327146500611e-09,2.13720340045793e-05,-4.18955299204404e-05,4.18828433775104e-05
"egfr",20.7121212121212,20.7121212121212,"20:43",-7.11993289943192e-09,2.13659998035184e-05,-4.18844795477955e-05,4.18702396819967e-05
"egfr",20.9444444444444,20.9444444444444,"20:57",-7.82529679897459e-09,2.14058392716093e-05,-4.19632702691531e-05,4.19476196755552e-05
"egfr",21.1767676767677,21.1767676767677,"21:11",-8.44952919943436e-09,2.14732839919009e-05,-4.20960861533253e-05,4.20791870949264e-05
"egfr",21.4090909090909,21.4090909090909,"21:25",-8.98279613661145e-09,2.15343420272777e-05,-4.22162931696009e-05,4.21983275773276e-05
"egfr",21.6414141414141,21.6414141414141,"21:38",-9.41534748620899e-09,2.15500742258861e-05,-4.2247560830223e-05,4.22287301352506e-05
"egfr",21.8737373737374,21.8737373737374,"21:52",-9.74757775217802e-09,2.15070922991471e-05,-4.21636484840806e-05,4.21441533285762e-05
"egfr",22.1060606060606,22.1060606060606,"22:06",-9.99958381564532e-09,2.14379672242428e-05,-4.20284153433316e-05,4.20084161757003e-05
"egfr",22.3383838383838,22.3383838383838,"22:20",-1.01937262351153e-08,2.13808684502346e-05,-4.1916695888695e-05,4.18963084362248e-05
"egfr",22.5707070707071,22.5707070707071,"22:34",-1.03523655690923e-08,2.13629388187734e-05,-4.1881712450365e-05,4.18610077192268e-05
"egfr",22.8030303030303,22.8030303030303,"22:48",-1.04978623760808e-08,2.13922480400932e-05,-4.19393040209587e-05,4.19183082962065e-05
"egfr",23.0353535353535,23.0353535353535,"23:02",-1.06525772145852e-08,2.14555073561501e-05,-4.20634469952688e-05,4.20421418408397e-05
"egfr",23.2676767676768,23.2676767676768,"23:16",-1.08388706431098e-08,2.15218545653455e-05,-4.21936738187202e-05,4.2171996077434e-05
"egfr",23.5,23.5,"23:30",-1.10791032201592e-08,2.15522224894714e-05,-4.2253435182584e-05,4.22312769761437e-05
"tc",0.5,0.5,"00:30",-5.36127325938675e-07,0.000715335226835651,-0.00140259317192382,0.00140152091727194
"tc",0.732323232323232,0.732323232323232,"00:44",-5.77885113582224e-07,0.000714327291349634,-0.00140065937615887,0.0013995036059317
"tc",0.964646464646465,0.964646464646465,"00:58",-6.22372439862757e-07,0.00071212517495952,-0.00139638771536052,0.0013951429704808
"tc",1.1969696969697,1.1969696969697,"01:12",-6.67635537909002e-07,0.000710025548456298,-0.00139231771051225,0.00139098243943644
"tc",1.42929292929293,1.42929292929293,"01:26",-7.11720640849686e-07,0.000709052752900592,-0.00139045511632601,0.00138903167504431
"tc",1.66161616161616,1.66161616161616,"01:40",-7.52673981813536e-07,0.000709647852718886,-0.00139166246531083,0.0013901571173472
"tc",1.89393939393939,1.89393939393939,"01:54",-7.88541793929281e-07,0.000711543007713158,-0.00139541283691172,0.00139383575332386
"tc",2.12626262626263,2.12626262626263,"02:08",-8.17370310325645e-07,0.000713837325228998,-0.00139993852775916,0.00139830378713851
"tc",2.35858585858586,2.35858585858586,"02:22",-8.37205764131359e-07,0.000715263930727744,-0.00140275450999051,0.00140108009846225
"tc",2.59090909090909,2.59090909090909,"02:35",-8.46300492254403e-07,0.000714741767447401,-0.00140174016468916,0.00140004756370465
"tc",2.82323232323232,2.82323232323232,"02:49",-8.44700697829622e-07,0.000712715203357661,-0.00139776649927885,0.00139607709788319
"tc",3.05555555555556,3.05555555555556,"03:03",-8.33376234261859e-07,0.00071047665998407,-0.00139336762980304,0.00139170087733452
"tc",3.28787878787879,3.28787878787879,"03:17",-8.13304588429262e-07,0.000709154356853688,-0.00139075584402166,0.0013891292348448
"tc",3.52020202020202,3.52020202020202,"03:31",-7.85463247209979e-07,0.000709354637310643,-0.00139112055237607,0.00138954962588165
"tc",3.75252525252525,3.75252525252525,"03:45",-7.50829697482159e-07,0.000710987686103434,-0.00139428669446021,0.00139278503506525
"tc",3.98484848484848,3.98484848484848,"03:59",-7.10381426123952e-07,0.000713292894610103,-0.00139876445486193,0.00139734369200968
"tc",4.21717171717172,4.21717171717172,"04:13",-6.65095920013505e-07,0.000715060357184052,-0.00140218339600076,0.00140085320416073
"tc",4.44949494949495,4.44949494949495,"04:27",-6.15954087194717e-07,0.000715060357618158,-0.00140213425501878,0.0014009023468444
"tc",4.68181818181818,4.68181818181818,"04:41",-5.64015522523734e-07,0.000713292895926336,-0.00139861809153814,0.00139749006049309
"tc",4.91414141414141,4.91414141414141,"04:55",-5.10418507668951e-07,0.00071098768834003,-0.00139404628765413,0.00139302545063879
"tc",5.14646464646465,5.14646464646465,"05:09",-4.56304745464511e-07,0.000709354640523694,-0.00139079140017191,0.00138987879068098
"tc",5.37878787878788,5.37878787878788,"05:23",-4.0281593874456e-07,0.000709154361111529,-0.00139034536371734,0.00138953973183985
"tc",5.61111111111111,5.61111111111111,"05:37",-3.51093790343241e-07,0.000710476665364669,-0.0013928853579051,0.00139218317032441
"tc",5.84343434343434,5.84343434343434,"05:51",-3.02280003094697e-07,0.000712715209950107,-0.0013972240915053,0.00139661953149911
"tc",6.07575757575758,6.07575757575758,"06:05",-2.57516279833074e-07,0.000714741775356759,-0.00140115139597908,0.00140063636341941
"tc",6.30808080808081,6.30808080808081,"06:18",-2.17938793409672e-07,0.000715263940080287,-0.00140213526135077,0.00140169938376395
"tc",6.54040404040404,6.54040404040404,"06:32",-1.84014588751715e-07,0.000713837336140561,-0.00139930519342425,0.00139893716424675
"tc",6.77272727272727,6.77272727272727,"06:46",-1.5491116481818e-07,0.000711543020210795,-0.00139477923077798,0.00139446940844834
"tc",7.00505050505051,7.00505050505051,"07:00",-1.29646711031264e-07,0.000709647866709916,-0.00139103946546247,0.0013907801720404
"tc",7.23737373737374,7.23737373737374,"07:14",-1.07239416813168e-07,0.000709052768158423,-0.00138985066500732,0.0013896361861737
"tc",7.46969696969697,7.46969696969697,"07:28",-8.67074715860909e-08,0.000710025564623076,-0.00139173681413282,0.00139156339918964
"tc",7.7020202020202,7.7020202020202,"07:42",-6.70690647722311e-08,0.000712125191565249,-0.00139583244453266,0.00139569830640312
"tc",7.93434343434343,7.93434343434343,"07:56",-4.73423857937877e-08,0.000714327307839954,-0.0014001288657521,0.00140003418098052
"tc",8.16666666666667,8.16666666666667,"08:10",-2.65456240729599e-08,0.00071533524259768,-0.00140208362111553,0.00140203052986738
"tc",8.3989898989899,8.3989898989899,"08:24",-3.94065547567847e-09,0.000714327305741609,-0.00140008545990903,0.00140007757859808
"tc",8.63131313131313,8.63131313131313,"08:38",2.02358983571993e-08,0.000712125187376796,-0.00139574513136016,0.00139578560315688
"tc",8.86363636363636,8.86363636363636,"08:52",4.55037293410846e-08,0.000710025558374794,-0.00139160459068526,0.00139169559814394
"tc",9.0959595959596,9.0959595959596,"09:06",7.13825293913882e-08,0.000709052759914443,-0.00138967202690292,0.0013898147919617
"tc",9.32828282828283,9.32828282828283,"09:20",9.73919904235215e-08,0.000709647856570725,-0.0013908124068882,0.00139100719086904
"tc",9.56060606060606,9.56060606060606,"09:34",1.23051804352895e-07,0.000711543008304356,-0.00139450124447218,0.00139474734808089
"tc",9.79292929292929,9.79292929292929,"09:48",1.4788166309492e-07,0.000713837322605487,-0.00139897327064366,0.00139926903396985
"tc",10.0252525252525,10.0252525252525,"10:02",1.71401258565008e-07,0.000715263925048551,-0.00140174589183659,0.00140208869435372
"tc",10.2575757575758,10.2575757575758,"10:15",1.93213195540958e-07,0.000714741758947582,-0.00140070063434172,0.0014010870607328
"tc",10.489898989899,10.489898989899,"10:29",2.13641727788036e-07,0.0007127151923016,-0.00139670813518335,0.00139713541863892
"tc",10.7222222222222,10.7222222222222,"10:43",2.33382681528882e-07,0.000710476646660598,-0.00139230084477324,0.0013927676101363
"tc",10.9545454545455,10.9545454545455,"10:57",2.5313495383289e-07,0.000709154341583983,-0.00138968937455077,0.00139019564445844
"tc",11.1868686868687,11.1868686868687,"11:11",2.73597441769455e-07,0.000709354620440562,-0.00139006145862173,0.00139060865350527
"tc",11.4191919191919,11.4191919191919,"11:25",2.95469042407973e-07,0.000710987667981534,-0.0013932403602014,0.00139383129828621
"tc",11.6515151515152,11.6515151515152,"11:39",3.19448652817838e-07,0.000713292875559603,-0.001397734587444,0.00139837348474964
"tc",11.8838383838384,11.8838383838384,"11:53",3.46235170068445e-07,0.000715060337479908,-0.00140117202629055,0.00140186449663069
"tc",12.1161616161616,12.1161616161616,"12:07",3.76492152834873e-07,0.000715060337479908,-0.00140114176930778,0.00140189475361345
"tc",12.3484848484848,12.3484848484848,"12:21",4.10070376722952e-07,0.000713292875559603,-0.0013976439657201,0.00139846410647354
"tc",12.5808080808081,12.5808080808081,"12:35",4.46007834269258e-07,0.000710987667981533,-0.00139308982140954,0.00139398183707807
"tc",12.8131313131313,12.8131313131313,"12:49",4.83307179616051e-07,0.000709354620440561,-0.00138985174888388,0.00139081836324312
"tc",13.0454545454545,13.0454545454545,"13:03",5.20971066905594e-07,0.000709154341583981,-0.0013894215384377,0.00139046348057151
"tc",13.2777777777778,13.2777777777778,"13:17",5.58002150280147e-07,0.000710476646660597,-0.00139197622530449,0.00139309222960505
"tc",13.510101010101,13.510101010101,"13:31",5.93403083881973e-07,0.000712715192301598,-0.00139632837382725,0.00139751517999501
"tc",13.7424242424242,13.7424242424242,"13:45",6.26176521853332e-07,0.00071474175894758,-0.0014002676710154,0.00140152002405911
"tc",13.9747474747475,13.9747474747475,"13:58",6.5532740416299e-07,0.000715263925048548,-0.00140126196569099,0.00140257262049932
"tc",14.2070707070707,14.2070707070707,"14:12",6.80137255786761e-07,0.000713837322605485,-0.00139844101505096,0.00139980128956254
"tc",14.4393939393939,14.4393939393939,"14:26",7.00424770929021e-07,0.000711543008304354,-0.0013939238715056,0.00139532472104746
"tc",14.6717171717172,14.6717171717172,"14:40",7.16070361109769e-07,0.000709647856570723,-0.00139019372851751,0.00139162586923973
"tc",14.9040404040404,14.9040404040404,"14:54",7.26954437849004e-07,0.000709052759914441,-0.00138901645499446,0.00139047036387015
"tc",15.1363636363636,15.1363636363636,"15:08",7.32957412666725e-07,0.000710025558374792,-0.00139091713700193,0.00139238305182726
"tc",15.3686868686869,15.3686868686869,"15:22",7.33959697082931e-07,0.000712125187376794,-0.00139503140756143,0.0013964993269556
"tc",15.6010101010101,15.6010101010101,"15:36",7.2984170261762e-07,0.000714327305741607,-0.00139935167755093,0.00140081136095617
"tc",15.8333333333333,15.8333333333333,"15:50",7.20483840790792e-07,0.000715335242597678,-0.00140133659165066,0.00140277755933224
"tc",16.0656565656566,16.0656565656566,"16:04",7.05877604202424e-07,0.000714327307839952,-0.0013993756457621,0.00140078740097051
"tc",16.2979797979798,16.2979797979798,"16:18",6.86458809772403e-07,0.000712125191565247,-0.00139507891665811,0.00139645183427766
"tc",16.530303030303,16.530303030303,"16:32",6.62774355500599e-07,0.000710025564623074,-0.00139098733230572,0.00139231288101673
"tc",16.7626262626263,16.7626262626263,"16:46",6.35371139386877e-07,0.000709052768158421,-0.00138910805445112,0.00139037879672989
"tc",16.9949494949495,16.9949494949495,"17:00",6.04796059431105e-07,0.000709647866709914,-0.001390305022692,0.00139151461481086
"tc",17.2272727272727,17.2272727272727,"17:14",5.7159601363315e-07,0.000711543020210793,-0.00139405272359952,0.00139519591562679
"tc",17.459595959596,17.459595959596,"17:28",5.36317899992879e-07,0.000713837336140559,-0.0013985848609355,0.00139965749673549
"tc",17.6919191919192,17.6919191919192,"17:42",4.9950861651016e-07,0.000715263940080286,-0.00140141781394085,0.00140241683117387
"tc",17.9242424242424,17.9242424242424,"17:55",4.61666824313338e-07,0.000714741775356757,-0.00140043221287493,0.00140135554652356
"tc",18.1565656565657,18.1565656565657,"18:09",4.22871345093459e-07,0.000712715209950106,-0.00139649894015711,0.0013973446828473
"tc",18.3888888888889,18.3888888888889,"18:23",3.82984827895126e-07,0.000710476665364668,-0.00139215127928686,0.00139291724894265
"tc",18.6212121212121,18.6212121212121,"18:37",3.41868135212144e-07,0.000709154361111528,-0.00138960067964338,0.00139028441591381
"tc",18.8535353535354,18.8535353535354,"18:51",2.99382129538319e-07,0.000709354640523694,-0.0013900357132969,0.00139063447755598
"tc",19.0858585858586,19.0858585858586,"19:05",2.55387673367457e-07,0.00071098768834003,-0.00139328048147309,0.00139379125681983
"tc",19.3181818181818,19.3181818181818,"19:19",2.09745629193363e-07,0.000713292895926336,-0.00139784433038643,0.00139826382164481
"tc",19.5505050505051,19.5505050505051,"19:33",1.62316859509843e-07,0.000715060357618159,-0.00140135598407208,0.0014016806177911
"tc",19.7828282828283,19.7828282828283,"19:47",1.12981537867477e-07,0.000715060357184053,-0.00140140531854288,0.00140163128161861
"tc",20.0151515151515,20.0151515151515,"20:01",6.20639921226149e-08,0.000713292894610105,-0.00139799200944368,0.00139811613742793
"tc",20.2474747474747,20.2474747474747,"20:15",1.03327044373817e-08,0.000710987686103436,-0.0013935255320583,0.00139354619746717
"tc",20.479797979798,20.479797979798,"20:29",-4.14245319693258e-08,0.000709354637310645,-0.00139037651366083,0.00139029366459689
"tc",20.7121212121212,20.7121212121212,"20:43",-9.24199238786104e-08,0.00070915435685369,-0.00139003495935711,0.00138985011950935
"tc",20.9444444444444,20.9444444444444,"20:57",-1.41865678071575e-07,0.000710476659984073,-0.00139267611924685,0.00139239238789071
"tc",21.1767676767677,21.1767676767677,"21:11",-1.88974001329324e-07,0.000712715203357664,-0.00139711077258235,0.00139673282457969
"tc",21.4090909090909,21.4090909090909,"21:25",-2.32957100432957e-07,0.000714741767447404,-0.00140112682129734,0.00140066090709648
"tc",21.6414141414141,21.6414141414141,"21:38",-2.73032133698256e-07,0.000715263930727746,-0.00140219033636008,0.00140164427209268
"tc",21.8737373737374,21.8737373737374,"21:52",-3.09015395136707e-07,0.000713837325229001,-0.00139943017284398,0.0013988121420537
"tc",22.1060606060606,22.1060606060606,"22:06",-3.41886789408496e-07,0.00071154300771316,-0.0013949661819072,0.00139428240832839
"tc",22.3383838383838,22.3383838383838,"22:20",-3.7275991261004e-07,0.000709647852718888,-0.00139128255124163,0.00139053703141641
"tc",22.5707070707071,22.5707070707071,"22:34",-4.02748360837755e-07,0.000709052752900593,-0.001390146144046,0.00138934064732432
"tc",22.8030303030303,22.8030303030303,"22:48",-4.32965730188059e-07,0.0007100255484563,-0.00139208304070454,0.00139121710924416
"tc",23.0353535353535,23.0353535353535,"23:02",-4.64525616757369e-07,0.00071212517495952,-0.00139622986853742,0.0013953008173039
"tc",23.2676767676768,23.2676767676768,"23:16",-4.98541616642102e-07,0.000714327291349635,-0.00140058003266193,0.00139958294942864
"tc",23.5,23.5,"23:30",-5.36127325938675e-07,0.000715335226835651,-0.00140259317192382,0.00140152091727194
"tg",0.5,0.5,"00:30",-86.1399295029645,28.2383601061741,-141.487115311066,-30.7927436948633
"tg",0.732323232323232,0.732323232323232,"00:44",-86.1399301508787,28.2383601053082,-141.487115957283,-30.7927443444747
"tg",0.964646464646465,0.964646464646465,"00:58",-86.1399308292106,28.2383601034459,-141.487116631965,-30.7927450264566
"tg",1.1969696969697,1.1969696969697,"01:12",-86.1399315162049,28.2383601017428,-141.487117315621,-30.7927457167891
"tg",1.42929292929293,1.42929292929293,"01:26",-86.1399321901062,28.238360101099,-141.48711798826,-30.7927463919521
"tg",1.66161616161616,1.66161616161616,"01:40",-86.139932829159,28.2383601018913,-141.487118628866,-30.792747029452
"tg",1.89393939393939,1.89393939393939,"01:54",-86.1399334116081,28.2383601038697,-141.487119215193,-30.7927476080235
"tg",2.12626262626263,2.12626262626263,"02:08",-86.1399339156978,28.2383601062191,-141.487119723887,-30.7927481075083
"tg",2.35858585858586,2.35858585858586,"02:22",-86.1399343196729,28.2383601077871,-141.487120130936,-30.7927485084102
"tg",2.59090909090909,2.59090909090909,"02:35",-86.1399346040714,28.2383601075823,-141.487120414933,-30.7927487932102
"tg",2.82323232323232,2.82323232323232,"02:49",-86.1399347693938,28.238360106005,-141.487120577163,-30.7927489616241
"tg",3.05555555555556,3.05555555555556,"03:03",-86.1399348264186,28.2383601042252,-141.4871206307,-30.7927490221373
"tg",3.28787878787879,3.28787878787879,"03:17",-86.1399347860096,28.2383601032546,-141.487120588389,-30.7927489836306
"tg",3.52020202020202,3.52020202020202,"03:31",-86.1399346590305,28.238360103633,-141.487120462151,-30.7927488559098
"tg",3.75252525252525,3.75252525252525,"03:45",-86.1399344563449,28.2383601052836,-141.487120262701,-30.792748649989
"tg",3.98484848484848,3.98484848484848,"03:59",-86.1399341888166,28.2383601075341,-141.487119999583,-30.7927483780497
"tg",4.21717171717172,4.21717171717172,"04:13",-86.1399338673091,28.2383601093019,-141.487119681541,-30.7927480530774
"tg",4.44949494949495,4.44949494949495,"04:27",-86.1399335026059,28.2383601094771,-141.487119317181,-30.7927476880308
"tg",4.68181818181818,4.68181818181818,"04:41",-86.1399331036417,28.2383601080606,-141.487118915441,-30.7927472918429
"tg",4.91414141414141,4.91414141414141,"04:55",-86.1399326775033,28.2383601061644,-141.487118485585,-30.7927468694211
"tg",5.14646464646465,5.14646464646465,"05:09",-86.1399322311967,28.2383601048727,-141.487118036747,-30.7927464256461
"tg",5.37878787878788,5.37878787878788,"05:23",-86.1399317717281,28.23836010486,-141.487117577254,-30.7927459662025
"tg",5.61111111111111,5.61111111111111,"05:37",-86.1399313061037,28.2383601062048,-141.487117114265,-30.7927454979423
"tg",5.84343434343434,5.84343434343434,"05:51",-86.1399308413297,28.2383601083694,-141.487116653734,-30.7927450289257
"tg",6.07575757575758,6.07575757575758,"06:05",-86.1399303844123,28.2383601103439,-141.487116200686,-30.7927445681383
"tg",6.30808080808081,6.30808080808081,"06:18",-86.1399299423294,28.2383601109602,-141.487115759811,-30.7927441248474
"tg",6.54040404040404,6.54040404040404,"06:32",-86.1399295186502,28.2383601098151,-141.487115333888,-30.7927437034125
"tg",6.77272727272727,6.77272727272727,"06:46",-86.1399291103235,28.2383601078877,-141.487114921784,-30.7927432988636
"tg",7.00505050505051,7.00505050505051,"07:00",-86.1399287135374,28.2383601063174,-141.487114521919,-30.7927429051553
"tg",7.23737373737374,7.23737373737374,"07:14",-86.1399283244798,28.2383601059057,-141.487114132055,-30.7927425169046
"tg",7.46969696969697,7.46969696969697,"07:28",-86.1399279393389,28.2383601068895,-141.487113748842,-30.7927421298355
"tg",7.7020202020202,7.7020202020202,"07:42",-86.1399275543028,28.2383601088788,-141.487113367705,-30.7927417409004
"tg",7.93434343434343,7.93434343434343,"07:56",-86.1399271655595,28.2383601109601,-141.487112983041,-30.7927413480777
"tg",8.16666666666667,8.16666666666667,"08:10",-86.139926769297,28.2383601119647,-141.487112588748,-30.7927409498463
"tg",8.3989898989899,8.3989898989899,"08:24",-86.1399263629721,28.2383601111481,-141.487112180822,-30.7927405451218
"tg",8.63131313131313,8.63131313131313,"08:38",-86.1399259491149,28.2383601092549,-141.487111763255,-30.7927401349752
"tg",8.86363636363636,8.86363636363636,"08:52",-86.1399255315243,28.238360107454,-141.487111342134,-30.7927397209144
"tg",9.0959595959596,9.0959595959596,"09:06",-86.1399251139992,28.2383601066589,-141.487110923051,-30.7927393049477
"tg",9.32828282828283,9.32828282828283,"09:20",-86.1399247003384,28.2383601072597,-141.487110510567,-30.7927388901094
"tg",9.56060606060606,9.56060606060606,"09:34",-86.1399242943407,28.2383601090197,-141.487110108019,-30.792738480662
"tg",9.79292929292929,9.79292929292929,"09:48",-86.139923899805,28.2383601111375,-141.487109717634,-30.7927380819756
"tg",10.0252525252525,10.0252525252525,"10:02",-86.13992352053,28.2383601124736,-141.487109340978,-30.7927377000817
"tg",10.2575757575758,10.2575757575758,"10:15",-86.1399231594332,28.2383601120492,-141.48710897905,-30.7927373398168
"tg",10.489898989899,10.489898989899,"10:29",-86.1399228117596,28.238360110267,-141.487108627883,-30.7927369956363
"tg",10.7222222222222,10.7222222222222,"10:43",-86.1399224688037,28.2383601082944,-141.487108281061,-30.7927366565468
"tg",10.9545454545455,10.9545454545455,"10:57",-86.1399221218278,28.2383601071404,-141.487107931823,-30.7927363118325
"tg",11.1868686868687,11.1868686868687,"11:11",-86.1399217620935,28.2383601073423,-141.487107572484,-30.7927359517027
"tg",11.4191919191919,11.4191919191919,"11:25",-86.1399213808631,28.2383601088207,-141.487107194152,-30.7927355675746
"tg",11.6515151515152,11.6515151515152,"11:39",-86.1399209693985,28.2383601109005,-141.487106786763,-30.7927351520336
"tg",11.8838383838384,11.8838383838384,"11:53",-86.1399205189616,28.2383601124966,-141.487106339455,-30.7927346984684
"tg",12.1161616161616,12.1161616161616,"12:07",-86.1399200212991,28.2383601124966,-141.487105841792,-30.7927342008059
"tg",12.3484848484848,12.3484848484848,"12:21",-86.1399194793018,28.2383601109004,-141.487105296667,-30.792733661937
"tg",12.5808080808081,12.5808080808081,"12:35",-86.139918907005,28.2383601088206,-141.487104720293,-30.7927330937166
"tg",12.8131313131313,12.8131313131313,"12:49",-86.1399183189285,28.2383601073422,-141.487104129319,-30.7927325085377
"tg",13.0454545454545,13.0454545454545,"13:03",-86.139917729592,28.2383601071404,-141.487103539587,-30.7927319195969
"tg",13.2777777777778,13.2777777777778,"13:17",-86.1399171535155,28.2383601082943,-141.487102965772,-30.7927313412586
"tg",13.510101010101,13.510101010101,"13:31",-86.1399166052186,28.2383601102669,-141.487102421342,-30.7927307890954
"tg",13.7424242424242,13.7424242424242,"13:45",-86.1399160992212,28.2383601120491,-141.487101918837,-30.7927302796049
"tg",13.9747474747475,13.9747474747475,"13:58",-86.1399156500052,28.2383601124735,-141.487101470453,-30.792729829557
"tg",14.2070707070707,14.2070707070707,"14:12",-86.1399152674652,28.2383601111374,-141.487101085295,-30.7927294496359
"tg",14.4393939393939,14.4393939393939,"14:26",-86.1399149525865,28.2383601090197,-141.487100766265,-30.7927291389079
"tg",14.6717171717172,14.6717171717172,"14:40",-86.1399147053308,28.2383601072597,-141.48710051556,-30.7927288951019
"tg",14.9040404040404,14.9040404040404,"14:54",-86.1399145256599,28.2383601066589,-141.487100334711,-30.7927287166085
"tg",15.1363636363636,15.1363636363636,"15:08",-86.1399144135355,28.238360107454,-141.487100224145,-30.7927286029257
"tg",15.3686868686869,15.3686868686869,"15:22",-86.1399143689192,28.2383601092549,-141.487100183059,-30.7927285547796
"tg",15.6010101010101,15.6010101010101,"15:36",-86.1399143917729,28.2383601111481,-141.487100209623,-30.7927285739226
"tg",15.8333333333333,15.8333333333333,"15:50",-86.1399144820582,28.2383601119646,-141.487100301509,-30.7927286626075
"tg",16.0656565656566,16.0656565656566,"16:04",-86.1399146381484,28.2383601109601,-141.48710045563,-30.7927288206666
"tg",16.2979797979798,16.2979797979798,"16:18",-86.1399148520618,28.2383601088788,-141.487100665464,-30.7927290386594
"tg",16.530303030303,16.530303030303,"16:32",-86.1399151142288,28.2383601068895,-141.487100923732,-30.7927293047254
"tg",16.7626262626263,16.7626262626263,"16:46",-86.1399154150791,28.2383601059057,-141.487101222654,-30.7927296075039
"tg",16.9949494949495,16.9949494949495,"17:00",-86.1399157450429,28.2383601063174,-141.487101553425,-30.7927299366608
"tg",17.2272727272727,17.2272727272727,"17:14",-86.1399160945502,28.2383601078878,-141.48710190601,-30.7927302830902
"tg",17.459595959596,17.459595959596,"17:28",-86.139916454031,28.2383601098152,-141.487102269269,-30.7927306387932
"tg",17.6919191919192,17.6919191919192,"17:42",-86.1399168139152,28.2383601109602,-141.487102631397,-30.7927309964332
"tg",17.9242424242424,17.9242424242424,"17:55",-86.1399171658343,28.2383601103439,-141.487102982108,-30.7927313495602
"tg",18.1565656565657,18.1565656565657,"18:09",-86.1399175118757,28.2383601083694,-141.48710332428,-30.7927316994716
"tg",18.3888888888889,18.3888888888889,"18:23",-86.1399178595103,28.2383601062049,-141.487103667672,-30.7927320513488
"tg",18.6212121212121,18.6212121212121,"18:37",-86.1399182162539,28.23836010486,-141.48710402178,-30.7927324107283
"tg",18.8535353535354,18.8535353535354,"18:51",-86.1399185896221,28.2383601048727,-141.487104395173,-30.7927327840715
"tg",19.0858585858586,19.0858585858586,"19:05",-86.1399189871304,28.2383601061644,-141.487104795213,-30.7927331790482
"tg",19.3181818181818,19.3181818181818,"19:19",-86.1399194162945,28.2383601080606,-141.487105228093,-30.7927336044956
"tg",19.5505050505051,19.5505050505051,"19:33",-86.13991988463,28.2383601094771,-141.487105699205,-30.7927340700549
"tg",19.7828282828283,19.7828282828283,"19:47",-86.1399203992728,28.2383601093019,-141.487106213504,-30.7927345850411
"tg",20.0151515151515,20.0151515151515,"20:01",-86.1399209586274,28.2383601075341,-141.487106769394,-30.7927351478606
"tg",20.2474747474747,20.2474747474747,"20:15",-86.1399215523668,28.2383601052836,-141.487107358723,-30.7927357460109
"tg",20.479797979798,20.479797979798,"20:29",-86.1399221697842,28.238360103633,-141.487107972905,-30.7927363666636
"tg",20.7121212121212,20.7121212121212,"20:43",-86.139922800173,28.2383601032546,-141.487108602552,-30.7927369977939
"tg",20.9444444444444,20.9444444444444,"20:57",-86.1399234328264,28.2383601042252,-141.487109237108,-30.792737628545
"tg",21.1767676767677,21.1767676767677,"21:11",-86.1399240570377,28.2383601060049,-141.487109864807,-30.7927382492681
"tg",21.4090909090909,21.4090909090909,"21:25",-86.1399246621003,28.2383601075822,-141.487110472962,-30.7927388512392
"tg",21.6414141414141,21.6414141414141,"21:38",-86.1399252373638,28.2383601077871,-141.487111048626,-30.7927394261012
"tg",21.8737373737374,21.8737373737374,"21:52",-86.1399257789913,28.2383601062191,-141.487111587181,-30.7927399708018
"tg",22.1060606060606,22.1060606060606,"22:06",-86.1399262963785,28.2383601038697,-141.487112099963,-30.7927404927939
"tg",22.3383838383838,22.3383838383838,"22:20",-86.1399268004417,28.2383601018913,-141.487112600149,-30.7927410007347
"tg",22.5707070707071,22.5707070707071,"22:34",-86.139927302097,28.238360101099,-141.487113100251,-30.792741503943
"tg",22.8030303030303,22.8030303030303,"22:48",-86.1399278122608,28.2383601017428,-141.487113611677,-30.792742012845
"tg",23.0353535353535,23.0353535353535,"23:02",-86.1399283418492,28.2383601034459,-141.487114144603,-30.7927425390952
"tg",23.2676767676768,23.2676767676768,"23:16",-86.1399289017784,28.2383601053082,-141.487114708182,-30.7927430953744
"tg",23.5,23.5,"23:30",-86.1399295029645,28.2383601061741,-141.487115311066,-30.7927436948633
